{"stat.useItem.heroicarmory.swredlightsaber":9,"stat.leaveGame":6,"stat.pickup.tetra.forged_mesh":49,"stat.pickup.mutantbeasts.mutant_skeleton_rib_cage":1,"stat.drop.grimoireofgaia.misc_fur":1,"stat.craftItem.umm3185118519.tungsten_pickaxe":1,"stat.pickup.tconstruct.edible":1,"stat.pickup.tombstone.familiar_stone":190,"stat.craftItem.gb.globot":147,"stat.pickup.mutantbeasts.mutant_skeleton_pelvis":118,"stat.craftItem.tombstone.tablet_of_assistance":1,"stat.mineBlock.umm3185118519.sapphire_ore":18,"stat.mineBlock.minecraft.web":67,"stat.pickup.minecraft.rotten_flesh":247,"stat.pickup.randomloot.heavy_chest":1,"stat.pickup.abyssalcraft.crystal":7,"stat.pickup.minecraft.cobblestone_wall":1970,"stat.pickup.heroicarmory.khkeyblade":1,"stat.pickup.heroicarmory.scomegasword2p":1,"stat.pickup.grimoireofgaia.misc_fur":7,"stat.pickup.minecraft.brown_mushroom":4,"stat.useItem.randomloot.pickaxe":89,"stat.pickup.quark.tallow":16,"stat.useItem.minecraft.iron_pickaxe":34,"stat.useItem.minecraft.iron_shovel":2,"stat.craftItem.minecraft.bed":6,"stat.pickup.heroicarmory.scglam":1,"stat.furnaceInteraction":219,"stat.pickup.heroicarmory.terrariatinbroadsword":1,"stat.mineBlock.quark.slate":13,"stat.killEntity.grimoireofgaia.ender_eye":2,"stat.entityKilledBy.abyssalcraft.shadowmonster":2,"stat.pickup.cqrepoured.stone_cube":1,"stat.killEntity.grimoireofgaia.satyress":2,"stat.pickup.heroicarmory.rotmgcrystalsword":1,"stat.drop.gb.globot":6,"stat.pickup.umm3185118519.jade_ore":6,"stat.pickup.minecraft.beef":479,"stat.mineBlock.umm3185118519.jade_ore":3,"stat.pickup.minecraft.leather_helmet":46,"stat.mineBlock.tetra.forged_crate":1,"stat.pickup.minecraft.potion":202,"stat.mineBlock.randomloot.breaker":1,"stat.useItem.minecraft.wheat_seeds":1,"stat.pickup.tombstone.scroll_buff":2,"stat.pickup.minecraft.emerald":660,"stat.mineBlock.umm3185118519.aluminum_ore":14,"stat.useItem.minecraft.dye":62,"stat.deaths":17,"stat.killEntity.Rifted_Enderman":2,"stat.craftItem.randomloot.repair_station":1,"stat.pickup.minecraft.egg":6,"stat.pickup.heroicarmory.rsironbattleaxe":141,"stat.killEntity.cqr_skeleton":37,"stat.craftItem.minecraft.iron_pickaxe":1,"stat.pickup.artifacts.panic_necklace":1,"stat.drop.minecraft.glass_bottle":6,"stat.pickup.randomloot.titan_case":5,"stat.craftItem.minecraft.cooked_mutton":95,"stat.mineBlock.minecraft.tallgrass":969,"stat.entityKilledBy.grimoireofgaia.creep":1,"stat.pickup.bountifulbaubles.potionwormhole":2,"stat.pickup.minecraft.cooked_mutton":5104,"stat.chestOpened":83,"stat.pickup.minecraft.arrow":6129,"stat.drop.heroicarmory.rsdragonsword":1,"stat.killEntity.grimoireofgaia.cyan_flower":11,"stat.pickup.minecraft.gold_nugget":144,"stat.pickup.mutantbeasts.mutant_skeleton_shoulder_pad":116,"stat.pickup.minecraft.carrot":44,"stat.pickup.mutantbeasts.mutant_skeleton_skull":113,"stat.useItem.tombstone.tablet_of_cupidity":1,"stat.crouchOneCm":5178,"stat.craftItem.minecraft.diamond":9,"stat.pickup.grimoireofgaia.pickup_heart":102,"stat.craftItem.minecraft.iron_ingot":233,"stat.killEntity.furantur":3,"stat.craftingTableInteraction":83,"stat.mineBlock.cqrepoured.stone_cube":3,"stat.pickup.heroicarmory.sckalutues":1,"stat.craftItem.minecraft.wooden_sword":1,"stat.pickup.minecraft.dye":298,"stat.pickup.minecraft.planks":27445,"stat.useItem.randomloot.sword":1174,"stat.pickup.minecraft.wheat_seeds":144,"stat.killEntity.grimoireofgaia.flesh_lich":1,"stat.pickup.umm3185118519.copper_piece":1107,"stat.mineBlock.minecraft.dirt":13,"stat.pickup.tombstone.voodoo_poppet":1693,"stat.killEntity.VindicationIllager":3,"stat.pickup.minecraft.poisonous_potato":2,"stat.mineBlock.quark.biome_cobblestone":2,"stat.mineBlock.umm3185118519.aquamarine_ore":21,"stat.useItem.minecraft.bread":22,"stat.pickup.minecraft.brewing_stand":132,"stat.drop.minecraft.rotten_flesh":2,"stat.useItem.minecraft.cobblestone":163,"stat.craftItem.umm3185118519.cobalt_piece":39,"stat.mineBlock.minecraft.double_plant":8,"stat.killEntity.grimoireofgaia.oni":7,"stat.pickup.umm3185118519.titanium":174,"stat.pickup.abyssalcraft.antichicken":121,"stat.pickup.minecraft.iron_pickaxe":1,"stat.pickup.umm3185118519.ruby":178,"stat.craftItem.minecraft.gold_ingot":57,"stat.drop.minecraft.sapling":2,"stat.pickup.minecraft.chicken":36,"stat.killEntity.furnace_creeper":4,"stat.craftItem.minecraft.bucket":1,"stat.craftItem.minecraft.planks":308,"stat.killEntity.llama_creeper":1,"stat.pickup.minecraft.stone_sword":165,"stat.useItem.minecraft.stonebrick":4,"stat.pickup.minecraft.book":2394,"stat.mineBlock.minecraft.log":97,"stat.pickup.heroicarmory.scacheron":1,"stat.drop.umm3185118519.tungsten_chestplate":1,"stat.pickup.heroicarmory.terrariapurpleclubberfish":1,"stat.pickup.minecraft.red_flower":45,"stat.pickup.mutantbeasts.mutant_skeleton_limb":920,"stat.pickup.minecraft.wool":14739,"stat.pickup.randomloot.titanium_boots":1,"stat.craftItem.umm3185118519.amber":1,"stat.useItem.minecraft.iron_axe":15,"stat.mineBlock.minecraft.cobblestone":61,"stat.pickup.minecraft.flint":5,"stat.mineBlock.minecraft.yellow_flower":80,"stat.mineBlock.srparasites.gore":55,"stat.pickup.umm3185118519.sapphire":398,"stat.craftItem.minecraft.wool":56,"stat.pickup.minecraft.enchanted_book":767,"stat.drop.minecraft.cobblestone":9,"stat.useItem.minecraft.stone_slab2":50,"stat.pickup.minecraft.bow":208,"stat.craftItem.minecraft.furnace":2,"stat.useItem.minecraft.egg":1,"stat.craftItem.minecraft.iron_boots":1,"stat.pickup.ancientbeasts.spike":68,"stat.mineBlock.randomloot.repair_station":1,"stat.craftItem.minecraft.cooked_beef":85,"stat.mineBlock.minecraft.obsidian":7,"stat.pickup.minecraft.shears":34,"stat.mineBlock.minecraft.clay":3,"stat.flyOneCm":687336,"stat.pickup.gb.gammer":26,"stat.timeSinceDeath":0,"stat.craftItem.umm3185118519.tungsten_boots":1,"stat.craftItem.minecraft.iron_block":6,"stat.killEntity.Bat":1,"stat.craftItem.gb.gammer":3,"stat.useItem.minecraft.potato":1,"stat.mineBlock.umm3185118519.topaz_ore":30,"stat.killEntity.Wolf":1,"stat.mineBlock.minecraft.coal_ore":261,"stat.drop.minecraft.wool":2,"stat.entityKilledBy.grimoireofgaia.dryad":1,"stat.killEntity.Creeper":8,"stat.craftItem.gb.gring16":1,"stat.talkedToVillager":1,"stat.pickup.minecraft.wooden_sword":1,"stat.drop.minecraft.baked_potato":1,"stat.pickup.minecraft.string":78,"stat.pickup.abyssalcraft.nitre":36,"stat.pickup.comforts.sleeping_bag":2,"stat.drop.usefulbackpacks.backpack":1,"stat.pickup.tombstone.crafting_ingredient":33,"stat.pickup.grimoireofgaia.food_root":15,"stat.mineBlock.umm3185118519.tungsten_ore":47,"stat.killEntity.Squid":5,"stat.sprintOneCm":917005,"stat.mineBlock.minecraft.stone_slab":3,"stat.pickup.umm3185118519.cobalt_piece":3,"stat.useItem.tombstone.magic_scroll":1,"stat.mineBlock.umm3185118519.cobalt_ore":21,"stat.craftItem.tconstruct.ingots":27,"stat.useItem.minecraft.snowball":21,"stat.mineBlock.minecraft.diamond_ore":22,"stat.pickup.cqrepoured.shield_skeleton_friends":189,"stat.pickup.minecraft.spawn_egg":156,"stat.pickup.tetra.geode":718,"stat.useItem.minecraft.wooden_sword":47,"stat.pickup.umm3185118519.amethyst":539,"stat.killEntity.Zombie":13,"stat.pickup.minecraft.snowball":38,"stat.craftItem.minecraft.dye":123,"stat.mineBlock.minecraft.gold_ore":45,"stat.diveOneCm":69252,"stat.pickup.minecraft.wheat":37,"stat.mineBlock.minecraft.mossy_cobblestone":5,"stat.drop.randomloot.titanium_boots":1,"stat.craftItem.minecraft.cooked_porkchop":22,"stat.drop.lootbags.itemlootbag":46,"stat.pickup.umm3185118519.tungsten":4,"stat.pickup.minecraft.obsidian":35,"stat.useItem.randomloot.axe":9,"stat.killEntity.grimoireofgaia.vase":1,"stat.jump":3224,"stat.pickup.minecraft.coal":10966,"stat.pickup.minecraft.iron_ingot":623,"stat.useItem.randomloot.paxel":1441,"stat.drop.minecraft.wooden_sword":1,"stat.pickup.minecraft.gunpowder":18,"stat.craftItem.umm3185118519.aquamarine":16,"stat.craftItem.minecraft.torch":462,"stat.pickup.minecraft.dirt":2468,"stat.craftItem.comforts.sleeping_bag":1,"stat.pickup.minecraft.gold_ore":1455,"stat.mineBlock.minecraft.lapis_ore":8,"stat.pickup.minecraft.iron_axe":42,"stat.drop.umm3185118519.tungsten_ore":7,"stat.brewingstandInteraction":1,"stat.pickup.randomloot.heavy_legs":1,"stat.damageTaken":18462,"stat.mineBlock.minecraft.torch":23,"stat.mineBlock.minecraft.red_flower":32,"stat.pickup.srparasites.assimilated_flesh":80,"stat.noteblockTuned":2,"stat.pickup.heroicarmory.rsironsword":3,"stat.pickup.minecraft.bed":251,"stat.pickup.tconstruct.ingots":31,"stat.pickup.minecraft.potato":19,"stat.killEntity.grimoireofgaia.spriggan":1,"stat.drop.abyssalcraft.antichicken":1,"stat.pickup.srparasites.dispatcher_drop":518,"stat.pickup.umm3185118519.topaz_ore":285,"stat.drop.randomloot.sword":4,"stat.craftItem.minecraft.stone_slab":30,"stat.pickup.umm3185118519.mythril_ore":4,"stat.killEntity.grimoireofgaia.werecat":1,"stat.pickup.randomloot.heavy_boots":2,"stat.pickup.grimoireofgaia.food_honey":4,"stat.pickup.bountifulbaubles.potionrecall":3,"stat.useItem.tombstone.gift":2,"stat.pickup.heroicarmory.atrootsword":287,"stat.craftItem.minecraft.iron_chestplate":2,"stat.pickup.scalinghealth.heartcontainer":908,"stat.pickup.minecraft.ender_pearl":2,"stat.mineBlock.umm3185118519.ruby_ore":11,"stat.pickup.minecraft.cooked_beef":6634,"stat.pickup.minecraft.ladder":195,"stat.pickup.randomloot.case_opener":19,"stat.mineBlock.minecraft.stonebrick":29,"stat.mobKills":356,"stat.craftItem.minecraft.shears":1,"stat.useItem.minecraft.mossy_cobblestone":3,"stat.pickup.minecraft.diamond":37,"stat.pickup.minecraft.beetroot_seeds":4,"stat.pickup.minecraft.torch":178175,"stat.killEntity.grimoireofgaia.bee":6,"stat.drop.minecraft.arrow":3,"stat.pickup.umm3185118519.cobalt_ore":2148,"stat.drop.minecraft.shears":1,"stat.killEntity.grimoireofgaia.cyclops":13,"stat.pickup.abyssalcraft.coralium":3,"stat.pickup.grimoireofgaia.misc_soul_fire":2,"stat.craftItem.minecraft.iron_axe":1,"stat.killEntity.abyssalcraft.shadowmonster":7,"stat.killEntity.bombing_creeper":1,"stat.craftItem.umm3185118519.tungsten_leggings":1,"stat.pickup.srparasites.parasitecanister":1,"stat.useItem.tombstone.familiar_stone":2,"stat.pickup.gb.glob":49,"stat.pickup.minecraft.porkchop":15,"stat.pickup.minecraft.glass":1,"stat.useItem.minecraft.water_bucket":24,"stat.mineBlock.minecraft.stone_brick_stairs":1,"stat.pickup.abyssalcraft.shadowgem":3,"stat.pickup.minecraft.splash_potion":1,"stat.pickup.randomloot.axe":1,"stat.pickup.bountifulbaubles.ringiron":1,"stat.mineBlock.umm3185118519.copper_ore":18,"stat.craftItem.gb.glob_seed":2,"stat.pickup.heroicarmory.ffcaladbolg":1,"stat.useItem.minecraft.ender_pearl":1,"stat.mineBlock.minecraft.sand":3,"stat.drop.randomloot.heavy_legs":1,"stat.drop.randomloot.pickaxe":1,"stat.pickup.randomloot.sword":182,"stat.trappedChestTriggered":9,"stat.craftItem.umm3185118519.tungsten_chestplate":2,"stat.craftItem.gb.gring":1,"stat.craftItem.tombstone.crafting_ingredient":1,"stat.pickup.srparasites.lurecomponent1":7,"stat.craftItem.gb.globot_raw":156,"stat.drop.minecraft.stone_slab":4,"stat.craftItem.umm3185118519.copper_piece":2,"stat.pickup.minecraft.filled_map":1,"stat.pickup.minecraft.furnace":35,"stat.useItem.minecraft.cooked_mutton":19,"stat.pickup.minecraft.totem_of_undying":1,"stat.pickup.tombstone.magic_scroll":290,"stat.mineBlock.umm3185118519.mythril_ore":2,"stat.killEntity.Horse":2,"stat.pickup.minecraft.stone_stairs":1,"stat.useItem.heroicarmory.rsrunebattleaxe":1,"stat.pickup.minecraft.saddle":1,"stat.playOneMinute":468214,"stat.pickup.tconstruct.rack":16,"stat.pickup.randomloot.heavy_helmet":1,"stat.craftItem.minecraft.diamond_block":1,"stat.pickup.randomloot.golden_case":323,"stat.pickup.minecraft.iron_bars":85,"stat.pickup.minecraft.pumpkin":8,"stat.craftItem.gb.globot_rod":6,"stat.pickup.levelup2.skillbook":165,"stat.mineBlock.minecraft.gold_block":2,"stat.pickup.heroicarmory.terrariashadewoodsword":1,"stat.mineBlock.abyssalcraft.darkstone":24,"stat.fallOneCm":74482,"stat.craftItem.tombstone.dark_marble":2,"stat.pickup.quark.slate":9950,"stat.useItem.ancientbeasts.rifted_pearl":1,"stat.useItem.heroicarmory.rsironsword":6,"stat.pickup.minecraft.feather":382,"stat.drop.minecraft.iron_leggings":2,"stat.pickup.heroicarmory.mhwailingcleaver":1,"stat.useItem.minecraft.furnace":1,"stat.killEntity.rocket_creeper":1,"stat.pickup.minecraft.iron_leggings":141,"stat.useItem.spartanweaponry.caestus":1,"stat.pickup.heroicarmory.rsmithrilbattleaxe":1,"stat.mineBlock.minecraft.gravel":27,"stat.craftItem.minecraft.iron_leggings":2,"stat.drop.randomloot.titanium_legs":2,"stat.pickup.randomloot.repair_station":11,"stat.pickup.minecraft.chainmail_boots":1,"stat.useItem.minecraft.torch":449,"stat.pickup.heroicarmory.terrariaswordfish":2,"stat.pickup.umm3185118519.aquamarine_ore":28,"stat.killEntity.angelic_creeper":2,"stat.pickup.minecraft.iron_nugget":792,"stat.pickup.cqrepoured.cursed_bone":79,"stat.useItem.minecraft.log":8,"stat.pickup.minecraft.crafting_table":11,"stat.craftItem.minecraft.crafting_table":4,"stat.killEntity.grimoireofgaia.arachne":1,"stat.pickup.minecraft.magenta_glazed_terracotta":50,"stat.craftItem.quark.spruce_pressure_plate":1,"stat.pickup.umm3185118519.tin_ore":162,"stat.pickup.minecraft.iron_hoe":1,"stat.pickup.randomloot.basic_case":493,"stat.pickup.minecraft.log":146,"stat.useItem.randomloot.rl_bow":13,"stat.drop.minecraft.stonebrick":12,"stat.pickup.usefulbackpacks.backpack":10,"stat.craftItem.usefulbackpacks.backpack":8,"stat.killEntity.grimoireofgaia.nine_tails":1,"stat.pickup.minecraft.chainmail_leggings":1,"stat.pickup.abyssalcraft.darkstone_cobble":22,"stat.pickup.minecraft.sapling":12,"stat.drop.heroicarmory.rsironsword":1,"stat.mineBlock.umm3185118519.tin_ore":13,"stat.pickup.abyssalcraft.anticorbone":2,"stat.killEntity.Bonepile":1,"stat.craftItem.minecraft.cooked_chicken":10,"stat.killEntity.abyssalcraft.antighoul":1,"stat.pickup.artifacts.flame_pendant":41,"stat.mineBlock.umm3185118519.amethyst_ore":15,"stat.sneakTime":2450,"stat.mineBlock.minecraft.cobblestone_wall":8,"stat.drop.abyssalcraft.shadowshard":1,"stat.useItem.minecraft.baked_potato":19,"stat.drop.minecraft.yellow_flower":1,"stat.pickup.minecraft.stone_slab":1176,"stat.pickup.minecraft.yellow_flower":79,"stat.pickup.mutantbeasts.creeper_shard":1,"stat.killEntity.grimoireofgaia.minotaurus":1,"stat.pickup.minecraft.bone":140,"stat.mineBlock.quark.variant_leaves":1,"stat.killEntity.grimoireofgaia.dryad":5,"stat.mineBlock.srparasites.infestedbush":3,"stat.pickup.umm3185118519.copper_ore":1351,"stat.drop.minecraft.iron_nugget":2,"stat.swimOneCm":104187,"stat.climbOneCm":2871,"stat.mineBlock.gb.gobber_ore":19,"stat.mineBlock.quark.roots":4,"stat.drop.randomloot.basic_case":1,"stat.drop.minecraft.brown_mushroom":2,"stat.pickup.lootbags.itemlootbag":1410,"stat.pickup.tetra.metal_scrap":3,"stat.useItem.minecraft.dirt":1,"stat.killEntity.artifacts.mimic":2,"stat.mineBlock.randomloot.case_opener":1,"stat.pickup.minecraft.anvil":49,"stat.craftItem.randomloot.breaker":1,"stat.pickup.minecraft.cobblestone":196035,"stat.useItem.grimoireofgaia.food_honey":2,"stat.pickup.minecraft.gold_block":158,"stat.pickup.quark.biome_cobblestone":2,"stat.craftItem.spartanweaponry.caestus":1,"stat.pickup.minecraft.glass_bottle":11,"stat.mineBlock.quark.custom_chest":9,"stat.drop.minecraft.wheat_seeds":1,"stat.craftItem.quark.vertical_planks":6,"stat.useItem.minecraft.cooked_beef":47,"stat.pickup.umm3185118519.tungsten_ore":538,"stat.pickup.minecraft.redstone":13556,"stat.mineBlock.minecraft.iron_ore":305,"stat.pickup.umm3185118519.amber_ore":159,"stat.drop.minecraft.log":2,"stat.pickup.minecraft.mutton":86,"stat.pickup.minecraft.mossy_cobblestone":6,"stat.pickup.heroicarmory.rsdragonsword":1,"stat.pickup.ancientbeasts.kunai":1,"stat.drop.minecraft.coal":1,"stat.pickup.abyssalcraft.shadowshard":10,"stat.pickup.umm3185118519.aluminum_ore":791,"stat.pickup.minecraft.stonebrick":3659,"stat.pickup.minecraft.iron_shovel":254,"stat.pickup.heroicarmory.scstiletto":2,"stat.useItem.tconstruct.edible":3,"stat.craftItem.minecraft.stone_slab2":0,"stat.useItem.grimoireofgaia.food_root":2,"stat.pickup.minecraft.paper":5,"stat.craftItem.minecraft.stick":156,"stat.pickup.randomloot.titanium_legs":1,"stat.craftItem.minecraft.stone":25,"stat.mineBlock.minecraft.crafting_table":4,"stat.killEntity.creeper_baby":1,"stat.useItem.minecraft.carrot":16,"stat.pickup.minecraft.diamond_chestplate":47,"stat.mineBlock.minecraft.planks":3,"stat.drop":139,"stat.killEntity.Sheep":56,"stat.craftItem.gb.globot_block":9,"stat.pickup.ancientbeasts.rifted_pearl":47,"stat.craftItem.minecraft.piston":2,"stat.mineBlock.umm3185118519.titanium_ore":3,"stat.pickup.minecraft.gravel":392,"stat.craftItem.randomloot.case_opener":1,"stat.drop.minecraft.cooked_beef":7,"stat.killEntity.EvocationIllager":1,"stat.mineBlock.abyssalcraft.nitreore":16,"stat.mineBlock.minecraft.anvil":5,"stat.killEntity.cqr_necromancer":1,"stat.useItem.minecraft.potion":1,"stat.drop.gb.globette":1,"stat.pickup.minecraft.stone_brick_stairs":2,"stat.pickup.minecraft.fence":1,"stat.craftItem.minecraft.bread":12,"stat.pickup.minecraft.spider_eye":2,"stat.craftItem.minecraft.iron_helmet":1,"stat.useItem.minecraft.cooked_chicken":4,"stat.pickup.minecraft.iron_ore":3033,"stat.killEntity.Damcell":2,"stat.mineBlock.minecraft.iron_bars":2,"stat.killEntity.mutantbeasts.mutant_creeper":1,"stat.pickup.randomloot.titanium_helmet":1717,"stat.useItem.gb.gammer":3,"stat.pickup.quark.custom_chest":9,"stat.mineBlock.minecraft.stone_stairs":6,"stat.pickup.minecraft.leather":58,"stat.drop.minecraft.iron_hoe":1,"stat.mineBlock.minecraft.furnace":9,"stat.killEntity.CaveSpider":4,"tombstone:undead_killed":65,"stat.damageDealt":95761,"stat.sleepInBed":13,"stat.craftItem.minecraft.baked_potato":20,"stat.craftItem.minecraft.anvil":2,"stat.killEntity.Cow":42,"stat.killEntity.Pig":10,"stat.useItem.umm3185118519.tungsten_pickaxe":1846,"stat.pickup.grimoireofgaia.food_meat":33,"stat.walkOneCm":1043458,"stat.pickup.minecraft.stick":109762,"stat.pickup.minecraft.clay_ball":203,"stat.mineBlock.umm3185118519.amber_ore":77,"stat.useItem.scalinghealth.heartcontainer":12,"stat.pickup.quark.root_flower":134,"stat.pickup.minecraft.stone":800,"stat.pickup.minecraft.gold_ingot":9,"stat.killEntity.Skeleton":9,"stat.useItem.quark.slate":1,"stat.killEntity.Chicken":9,"stat.killEntity.Spider":6,"stat.pickup.gb.globette":19,"stat.killEntity.Boulderer":3,"stat.useItem.minecraft.golden_apple":1,"stat.mineBlock.minecraft.leaves":19,"stat.pickup.randomloot.breaker":26,"stat.mineBlock.srparasites.parasitecanister":1,"stat.mineBlock.minecraft.redstone_ore":18,"stat.craftItem.umm3185118519.tungsten":34,"stat.mineBlock.cqrepoured.force_field_nexus":1,"stat.mineBlock.minecraft.stone":2111}