{"stat.drop.cqrepoured.staff_healing":1,"stat.leaveGame":6,"stat.craftItem.umm3185118519.tungsten_pickaxe":2,"stat.drop.minecraft.redstone":1,"stat.pickup.tombstone.familiar_stone":420,"stat.killEntity.abyssalcraft.demoncow":1,"stat.mineBlock.umm3185118519.sapphire_ore":4,"stat.mineBlock.minecraft.web":218,"stat.drop.minecraft.feather":2,"stat.pickup.minecraft.rotten_flesh":2682,"stat.pickup.heroicarmory.pkmnhonedge":1,"stat.drop.tombstone.christmas_gift":1,"stat.drop.minecraft.leather_boots":2,"stat.pickup.minecraft.cobblestone_wall":6,"stat.pickup.cqrepoured.spear_diamond":1,"stat.mineBlock.minecraft.wooden_slab":1,"stat.pickup.minecraft.leather_boots":239,"stat.useItem.minecraft.anvil":1,"stat.pickup.minecraft.brown_mushroom":4,"stat.useItem.randomloot.pickaxe":2016,"stat.killEntity.Witch":1,"stat.useItem.minecraft.iron_pickaxe":86,"stat.drop.minecraft.chainmail_leggings":1,"stat.pickup.minecraft.double_plant":47,"stat.pickup.cqrepoured.dagger_iron":26,"stat.furnaceInteraction":72,"stat.pickup.cqrepoured.table_oak":6,"stat.drop.minecraft.red_flower":4,"stat.pickup.umm3185118519.jade_ore":824,"stat.pickup.minecraft.beef":151,"stat.mineBlock.umm3185118519.jade_ore":7,"stat.drop.levelup2.skillbook":1,"stat.pickup.minecraft.leather_helmet":2,"stat.drop.randomloot.axe":1,"stat.useItem.minecraft.fence":1,"stat.drop.srparasites.canisteractive":1,"stat.pickup.tombstone.gift":32,"stat.mineBlock.minecraft.fence":2,"stat.pickup.tombstone.scroll_buff":16,"stat.pickup.minecraft.emerald":38,"stat.mineBlock.umm3185118519.aluminum_ore":20,"stat.pickup.minecraft.lever":49,"stat.deaths":1,"stat.pickup.minecraft.egg":10,"stat.killEntity.cqr_skeleton":145,"stat.craftItem.minecraft.iron_pickaxe":1,"stat.pickup.spartanweaponry.hammer_iron":16,"stat.pickup.randomloot.titan_case":3,"stat.mineBlock.minecraft.tallgrass":12,"stat.pickup.bountifulbaubles.potionwormhole":169,"stat.pickup.minecraft.cooked_mutton":20,"stat.chestOpened":87,"stat.useItem.minecraft.splash_potion":2,"stat.useItem.minecraft.stone":6,"stat.useItem.spartanweaponry.boomerang_iron":4,"stat.pickup.minecraft.arrow":608,"stat.pickup.minecraft.iron_sword":1,"stat.killEntity.grimoireofgaia.cyan_flower":9,"stat.pickup.minecraft.gold_nugget":347,"stat.mineBlock.quark.monster_box":1,"stat.pickup.minecraft.carrot":35,"stat.crouchOneCm":48651,"stat.pickup.grimoireofgaia.pickup_heart":6,"stat.craftItem.minecraft.iron_ingot":24,"stat.pickup.minecraft.painting":1,"stat.craftingTableInteraction":55,"stat.killEntity.shaman_creeper":2,"stat.pickup.minecraft.dye":211,"stat.useItem.randomloot.sword":518,"stat.pickup.minecraft.wheat_seeds":74,"stat.pickup.randomloot.pickaxe":1,"stat.useItem.heroicarmory.terrariaarkhalis":44,"stat.mineBlock.minecraft.dirt":601,"stat.pickup.artifacts.tiny_shirt":618,"stat.mineBlock.umm3185118519.aquamarine_ore":13,"stat.useItem.minecraft.bread":10,"stat.pickup.minecraft.brewing_stand":68,"stat.drop.minecraft.rotten_flesh":8,"stat.useItem.minecraft.cobblestone":235,"stat.useItem.umm3185118519.aquamarine_ore":5,"stat.useItem.minecraft.gravel":2,"stat.mineBlock.minecraft.double_plant":1,"stat.killEntity.grimoireofgaia.oni":2,"stat.pickup.umm3185118519.titanium":301,"stat.pickup.umm3185118519.ruby":16,"stat.pickup.minecraft.iron_pickaxe":2,"stat.craftItem.minecraft.gold_ingot":4,"stat.drop.minecraft.sapling":1,"stat.pickup.minecraft.tipped_arrow":204,"stat.killEntity.furnace_creeper":1,"stat.craftItem.minecraft.planks":72,"stat.pickup.minecraft.stone_sword":15,"stat.pickup.minecraft.book":432,"stat.useItem.minecraft.stonebrick":1,"stat.mineBlock.minecraft.log":29,"stat.mineBlock.cqrepoured.table_oak":4,"stat.pickup.minecraft.red_flower":4,"stat.pickup.minecraft.wool":501,"stat.pickup.randomloot.titanium_boots":1,"stat.useItem.minecraft.iron_axe":12,"stat.mineBlock.minecraft.cobblestone":32,"stat.pickup.minecraft.flint":788,"stat.pickup.minecraft.leather_chestplate":224,"stat.mineBlock.srparasites.gore":3,"stat.pickup.umm3185118519.sapphire":122,"stat.craftItem.minecraft.wool":19,"stat.pickup.minecraft.enchanted_book":3,"stat.drop.minecraft.cobblestone":1,"stat.useItem.minecraft.stone_slab2":46,"stat.pickup.minecraft.bow":2,"stat.craftItem.minecraft.furnace":5,"stat.drop.minecraft.golden_helmet":1,"stat.pickup.ancientbeasts.spike":3,"stat.craftItem.minecraft.cooked_beef":67,"stat.pickup.minecraft.shears":2,"stat.mineBlock.minecraft.clay":51,"stat.pickup.minecraft.diamond_leggings":1,"stat.flyOneCm":682236,"stat.pickup.minecraft.fish":1,"stat.pickup.gb.gammer":1,"stat.timeSinceDeath":354896,"stat.craftItem.umm3185118519.tungsten_boots":1,"stat.killEntity.grimoireofgaia.chest":3,"stat.killEntity.Bat":8,"stat.mineBlock.umm3185118519.topaz_ore":9,"stat.pickup.minecraft.chainmail_helmet":283,"stat.mineBlock.minecraft.enchanting_table":1,"stat.mineBlock.minecraft.coal_ore":192,"stat.killEntity.Creeper":2,"stat.pickup.minecraft.shield":1,"stat.pickup.minecraft.wooden_sword":1,"stat.pickup.minecraft.string":415,"stat.pickup.abyssalcraft.nitre":15,"stat.pickup.comforts.sleeping_bag":1,"stat.pickup.tombstone.crafting_ingredient":1268,"stat.mineBlock.umm3185118519.tungsten_ore":52,"stat.sprintOneCm":1023483,"stat.killEntity.abyssalcraft.evilcow":1,"stat.pickup.grimoireofgaia.bag_arrow":2,"stat.mineBlock.umm3185118519.cobalt_ore":11,"stat.mineBlock.minecraft.diamond_ore":18,"stat.pickup.cqrepoured.shield_skeleton_friends":1,"stat.pickup.minecraft.leather_leggings":177,"stat.pickup.tetra.geode":19,"stat.pickup.umm3185118519.amethyst":106,"stat.pickup.minecraft.iron_block":16,"stat.killEntity.Zombie":11,"stat.mineBlock.minecraft.gold_ore":24,"stat.diveOneCm":68920,"stat.pickup.minecraft.wheat":44,"stat.pickup.heroicarmory.myththedevilpitchfork":1,"stat.drop.randomloot.titanium_boots":1,"stat.drop.lootbags.itemlootbag":65,"stat.useItem.randomloot.axe":167,"stat.killEntity.grimoireofgaia.vase":1,"stat.jump":5578,"stat.useItem.minecraft.sand":2,"stat.pickup.minecraft.coal":621,"stat.pickup.minecraft.iron_ingot":218,"stat.useItem.randomloot.paxel":4,"stat.pickup.minecraft.gunpowder":273,"stat.craftItem.minecraft.torch":304,"stat.pickup.minecraft.dirt":28264,"stat.craftItem.comforts.sleeping_bag":1,"stat.pickup.artifacts.cobalt_shield":1,"stat.pickup.minecraft.gold_ore":249,"stat.mineBlock.minecraft.lapis_ore":12,"stat.pickup.minecraft.cookie":12,"stat.mineBlock.minecraft.glass_pane":2,"stat.damageTaken":15285,"stat.mineBlock.minecraft.torch":34,"stat.pickup.srparasites.assimilated_flesh":3,"stat.craftItem.umm3185118519.tungsten_helmet":1,"stat.pickup.minecraft.potato":2,"stat.pickup.artifacts.shock_pendant":1,"stat.pickup.umm3185118519.topaz_ore":9,"stat.pickup.randomloot.heavy_boots":1,"stat.mineBlock.srparasites.canisteractive":1,"stat.useItem.umm3185118519.tungsten_sword":771,"stat.useItem.tombstone.gift":2,"stat.craftItem.minecraft.iron_chestplate":1,"stat.pickup.scalinghealth.heartcontainer":192,"stat.mineBlock.scalinghealth.crystalore":1,"stat.mineBlock.umm3185118519.ruby_ore":7,"stat.pickup.minecraft.cooked_beef":469,"stat.drop.srparasites.assimilated_flesh":2,"stat.pickup.grimoireofgaia.bag_book":1,"stat.mineBlock.minecraft.stonebrick":70,"stat.drop.minecraft.cookie":6,"stat.mobKills":384,"stat.mineBlock.minecraft.bookshelf":144,"stat.craftItem.minecraft.shears":1,"stat.drop.randomloot.titanium_helmet":2,"stat.pickup.minecraft.diamond":259,"stat.pickup.minecraft.torch":1873,"stat.drop.minecraft.arrow":2,"stat.drop.minecraft.shears":1,"stat.pickup.umm3185118519.cobalt_ore":348,"stat.pickup.abyssalcraft.coralium":4,"stat.craftItem.minecraft.iron_axe":1,"stat.craftItem.umm3185118519.tungsten_leggings":1,"stat.useItem.tombstone.familiar_stone":1,"stat.pickup.minecraft.golden_boots":2,"stat.pickup.gb.glob":3529,"stat.pickup.minecraft.blaze_powder":435,"stat.pickup.minecraft.sand":101,"stat.killEntity.abyssalcraft.depthsghoul":1,"stat.mineBlock.umm3185118519.copper_ore":11,"stat.pickup.minecraft.chainmail_chestplate":331,"stat.mineBlock.minecraft.sand":104,"stat.drop.randomloot.heavy_legs":1,"stat.drop.randomloot.pickaxe":1,"stat.pickup.randomloot.sword":134,"stat.trappedChestTriggered":8,"stat.useItem.spartanweaponry.throwing_knife_iron":4,"stat.pickup.cqrepoured.spear_iron":49,"stat.useItem.minecraft.cooked_mutton":18,"stat.pickup.minecraft.furnace":1,"stat.pickup.minecraft.totem_of_undying":1,"stat.craftItem.umm3185118519.tungsten_sword":1,"stat.pickup.minecraft.iron_chestplate":4,"stat.pickup.minecraft.skull":1,"stat.pickup.tombstone.magic_scroll":223,"stat.playOneMinute":481629,"stat.drop.minecraft.string":1,"stat.pickup.randomloot.golden_case":764,"stat.pickup.minecraft.iron_bars":6,"stat.pickup.levelup2.skillbook":17,"stat.pickup.minecraft.cooked_chicken":5,"stat.fallOneCm":118842,"stat.drop.minecraft.stone":34,"stat.pickup.minecraft.feather":22,"stat.killEntity.rocket_creeper":1,"stat.pickup.minecraft.iron_leggings":139,"stat.mineBlock.minecraft.gravel":470,"stat.craftItem.minecraft.iron_leggings":1,"stat.killEntity.grimoireofgaia.bone_knight":1,"stat.pickup.minecraft.chainmail_boots":4,"stat.mineBlock.minecraft.monster_egg":2,"stat.useItem.minecraft.torch":276,"stat.pickup.umm3185118519.aquamarine_ore":216,"stat.drop.tombstone.crafting_ingredient":1,"stat.pickup.minecraft.iron_nugget":614,"stat.pickup.cqrepoured.cursed_bone":2,"stat.pickup.minecraft.crafting_table":3,"stat.craftItem.minecraft.crafting_table":7,"stat.killEntity.grimoireofgaia.arachne":1,"stat.mineBlock.minecraft.emerald_ore":4,"stat.pickup.randomloot.basic_case":656,"stat.pickup.minecraft.log":29,"stat.useItem.randomloot.rl_bow":19,"stat.craftItem.usefulbackpacks.backpack":12,"stat.pickup.artifacts.magma_stone":1,"stat.pickup.minecraft.chainmail_leggings":238,"stat.pickup.minecraft.sapling":1,"stat.killEntity.musical_creeper":1,"stat.mineBlock.minecraft.iron_block":16,"stat.useItem.randomloot.shovel":1212,"stat.killEntity.Bonepile":1,"stat.pickup.minecraft.golden_sword":178,"stat.pickup.artifacts.flame_pendant":1,"stat.mineBlock.umm3185118519.amethyst_ore":4,"stat.sneakTime":16265,"stat.mineBlock.minecraft.cobblestone_wall":6,"stat.pickup.minecraft.yellow_flower":2,"stat.pickup.abyssalcraft.corbone":2,"stat.pickup.minecraft.bone":1120,"stat.mineBlock.minecraft.brown_mushroom":2,"stat.drop.heroicarmory.pkmnhonedge":1,"stat.pickup.umm3185118519.copper_ore":281,"stat.drop.minecraft.iron_nugget":3,"stat.pickup.tetra.magmatic_cell":129,"stat.swimOneCm":61025,"stat.mineBlock.gb.gobber_ore":22,"stat.climbOneCm":2710,"stat.mineBlock.quark.roots":3,"stat.drop.minecraft.brown_mushroom":1,"stat.pickup.lootbags.itemlootbag":2145,"stat.useItem.minecraft.dirt":34,"stat.pickup.minecraft.golden_helmet":626,"stat.killEntity.artifacts.mimic":3,"stat.pickup.minecraft.enchanting_table":1,"stat.pickup.minecraft.anvil":171,"stat.useItem.minecraft.iron_ore":14,"stat.pickup.minecraft.cobblestone":41119,"stat.pickup.minecraft.glass_bottle":15,"stat.pickup.heroicarmory.ataxebass":19,"stat.drop.minecraft.wheat_seeds":28,"stat.useItem.minecraft.cooked_beef":99,"stat.pickup.umm3185118519.tungsten_ore":314,"stat.useItem.heroicarmory.myththedevilpitchfork":34,"stat.pickup.minecraft.redstone":2185,"stat.pickup.cqrepoured.chestplate_heavy_diamond":1,"stat.mineBlock.minecraft.iron_ore":182,"stat.pickup.cqrepoured.staff_healing":2,"stat.pickup.umm3185118519.amber_ore":273,"stat.pickup.minecraft.mutton":240,"stat.pickup.umm3185118519.aluminum_ore":609,"stat.pickup.minecraft.stonebrick":85,"stat.drop.minecraft.dirt":124,"stat.pickup.minecraft.iron_shovel":2,"stat.pickup.minecraft.carpet":6,"stat.craftItem.minecraft.stone_slab2":0,"stat.useItem.heroicarmory.rsdragonsword":176,"stat.craftItem.minecraft.stick":92,"stat.mineBlock.minecraft.crafting_table":3,"stat.useItem.minecraft.carrot":15,"stat.drop.cqrepoured.cursed_bone":1,"stat.pickup.minecraft.diamond_chestplate":1,"stat.drop":124,"stat.pickup.minecraft.stone_button":1,"stat.killEntity.Sheep":3,"stat.pickup.minecraft.slime_ball":2,"stat.craftItem.minecraft.diamond_pickaxe":1,"stat.pickup.minecraft.golden_chestplate":2,"stat.mineBlock.umm3185118519.titanium_ore":5,"stat.pickup.minecraft.gravel":26038,"stat.drop.minecraft.cooked_beef":30,"stat.mineBlock.minecraft.anvil":11,"stat.drop.minecraft.chainmail_helmet":1,"stat.pickup.minecraft.fence":2,"stat.pickup.minecraft.iron_helmet":20,"stat.pickup.scalinghealth.crystalshard":257,"stat.craftItem.minecraft.bread":9,"stat.pickup.minecraft.spider_eye":10,"stat.pickup.minecraft.iron_ore":475,"stat.killEntity.flower_creeper":1,"stat.killEntity.Damcell":3,"stat.mineBlock.minecraft.iron_bars":4,"stat.pickup.minecraft.leather":294,"stat.mineBlock.minecraft.furnace":1,"stat.killEntity.spore_creeper":1,"stat.killEntity.CaveSpider":5,"tombstone:undead_killed":170,"stat.pickup.srparasites.canisteractive":1,"stat.damageDealt":109213,"stat.sleepInBed":21,"stat.killEntity.Cow":42,"stat.useItem.umm3185118519.tungsten_pickaxe":283,"stat.pickup.grimoireofgaia.food_meat":1,"stat.walkOneCm":1080864,"stat.pickup.umm3185118519.tungsten_chestplate":1,"stat.pickup.minecraft.clay_ball":16549,"stat.drop.randomloot.heavy_chest":1,"stat.mineBlock.umm3185118519.amber_ore":47,"stat.useItem.scalinghealth.heartcontainer":5,"stat.pickup.quark.root_flower":1,"stat.drop.minecraft.leather_chestplate":1,"stat.pickup.minecraft.stone":2997,"stat.killEntity.Skeleton":9,"stat.killEntity.Chicken":5,"stat.killEntity.Spider":1,"stat.killEntity.Boulderer":2,"stat.killEntity.grimoireofgaia.naga":1,"stat.craftItem.umm3185118519.tungsten":56,"stat.mineBlock.minecraft.redstone_ore":8,"stat.mineBlock.minecraft.stone":1164}