{"stat.useItem.srparasites.canisteractive":4,"stat.leaveGame":4,"stat.pickup.tconstruct.edible":4,"stat.pickup.tombstone.familiar_stone":24,"stat.pickup.mutantbeasts.mutant_skeleton_pelvis":2,"stat.killEntity.abyssalcraft.demonpig":1,"stat.mineBlock.umm3185118519.sapphire_ore":15,"stat.mineBlock.minecraft.web":4,"stat.pickup.minecraft.rotten_flesh":28,"stat.pickup.heroicarmory.khkeyblade":96,"stat.useItem.minecraft.anvil":1,"stat.pickup.grimoireofgaia.misc_fur":3,"stat.pickup.minecraft.brown_mushroom":7,"stat.useItem.randomloot.pickaxe":2131,"stat.pickup.gb.globot_raw":11,"stat.drop.minecraft.cooked_mutton":2,"stat.pickup.minecraft.double_plant":2,"stat.craftItem.minecraft.bed":2,"stat.pickup.heroicarmory.scglam":94,"stat.furnaceInteraction":104,"stat.mineBlock.minecraft.rail":2,"stat.mineBlock.quark.slate":7,"stat.pickup.heroicarmory.rotmgcrystalsword":2,"stat.pickup.umm3185118519.jade_ore":55,"stat.pickup.minecraft.beef":43,"stat.mineBlock.umm3185118519.jade_ore":7,"stat.pickup.tombstone.gift":1,"stat.pickup.minecraft.emerald":3,"stat.mineBlock.umm3185118519.aluminum_ore":7,"stat.deaths":14,"stat.pickup.minecraft.egg":2,"stat.killEntity.cqr_skeleton":15,"stat.drop.heroicarmory.rsbronzewarhammer":2,"stat.drop.minecraft.glass_bottle":3,"stat.pickup.randomloot.titan_case":6,"stat.craftItem.minecraft.cooked_mutton":6,"stat.mineBlock.minecraft.tallgrass":26,"stat.pickup.bountifulbaubles.potionwormhole":1,"stat.pickup.minecraft.cooked_mutton":24,"stat.useItem.randomloot.throwable":106,"stat.chestOpened":122,"stat.useItem.minecraft.stone":2,"stat.pickup.minecraft.arrow":89,"stat.killEntity.grimoireofgaia.cyan_flower":6,"stat.pickup.minecraft.gold_nugget":17,"stat.pickup.mutantbeasts.mutant_skeleton_shoulder_pad":117,"stat.pickup.minecraft.carrot":76,"stat.pickup.mutantbeasts.mutant_skeleton_skull":2,"stat.crouchOneCm":265,"stat.pickup.minecraft.rail":440,"stat.pickup.grimoireofgaia.pickup_heart":1,"stat.craftItem.minecraft.iron_ingot":307,"stat.pickup.minecraft.painting":2,"stat.killEntity.furantur":1,"stat.craftingTableInteraction":32,"stat.mineBlock.tconstruct.rack":8,"stat.pickup.minecraft.dye":4254,"stat.pickup.minecraft.planks":223,"stat.useItem.randomloot.sword":219,"stat.pickup.minecraft.wheat_seeds":7,"stat.killEntity.grimoireofgaia.flesh_lich":1,"stat.pickup.randomloot.pickaxe":2,"stat.mineBlock.minecraft.dirt":29,"stat.mineBlock.umm3185118519.aquamarine_ore":15,"stat.useItem.minecraft.bread":2,"stat.useItem.minecraft.cobblestone":131,"stat.mineBlock.minecraft.double_plant":1,"stat.killEntity.grimoireofgaia.oni":1,"stat.pickup.umm3185118519.titanium":6,"stat.pickup.umm3185118519.ruby":573,"stat.craftItem.minecraft.gold_ingot":48,"stat.drop.minecraft.sapling":2,"stat.pickup.minecraft.chicken":2,"stat.pickup.minecraft.apple":145,"stat.mineBlock.srparasites.parasitetrunk":1,"stat.craftItem.minecraft.planks":108,"stat.mineBlock.abyssalcraft.coraliumore":65,"stat.pickup.minecraft.book":42,"stat.mineBlock.minecraft.log":36,"stat.pickup.minecraft.red_flower":1,"stat.pickup.mutantbeasts.mutant_skeleton_limb":16,"stat.pickup.minecraft.wool":71,"stat.pickup.randomloot.titanium_boots":1,"stat.useItem.heroicarmory.terrariaironbroadsword":6,"stat.mineBlock.minecraft.pumpkin":9,"stat.mineBlock.minecraft.cobblestone":15,"stat.pickup.minecraft.flint":324,"stat.pickup.abyssalcraft.corflesh":43,"stat.mineBlock.srparasites.gore":53,"stat.pickup.umm3185118519.sapphire":142,"stat.pickup.randomloot.rl_bow":1,"stat.pickup.minecraft.enchanted_book":106,"stat.useItem.minecraft.stone_slab2":30,"stat.craftItem.minecraft.furnace":4,"stat.pickup.minecraft.pumpkin_pie":1,"stat.pickup.ancientbeasts.spike":2,"stat.craftItem.minecraft.cooked_beef":32,"stat.pickup.minecraft.shears":1,"stat.pickup.mutantbeasts.mutant_skeleton_rib":6,"stat.mineBlock.minecraft.clay":1,"stat.flyOneCm":451133,"stat.pickup.gb.gammer":1,"stat.timeSinceDeath":2974,"stat.killEntity.grimoireofgaia.chest":3,"stat.mineBlock.umm3185118519.topaz_ore":32,"stat.pickup.minecraft.chainmail_helmet":2,"stat.useItem.tconstruct.rack":6,"stat.mineBlock.minecraft.coal_ore":421,"stat.killEntity.Creeper":3,"stat.talkedToVillager":6,"stat.pickup.minecraft.wooden_sword":4,"stat.pickup.minecraft.string":86,"stat.pickup.abyssalcraft.nitre":1880,"stat.pickup.tombstone.crafting_ingredient":75,"stat.pickup.grimoireofgaia.food_root":3,"stat.mineBlock.umm3185118519.tungsten_ore":44,"stat.killEntity.Squid":14,"stat.sprintOneCm":628752,"stat.pickup.umm3185118519.cobalt_piece":39,"stat.killEntity.abyssalcraft.evilpig":1,"stat.mineBlock.umm3185118519.cobalt_ore":27,"stat.craftItem.tconstruct.ingots":4,"stat.mineBlock.minecraft.diamond_ore":23,"stat.waystones:waystonesActivated":2,"stat.pickup.minecraft.leather_leggings":1,"stat.pickup.tetra.geode":1,"stat.pickup.grimoireofgaia.misc_pearl":1,"stat.pickup.heroicarmory.rsgranitelongsword":1,"stat.pickup.umm3185118519.amethyst":390,"stat.mineBlock.srparasites.parasitebush":2,"stat.killEntity.Zombie":15,"stat.mineBlock.minecraft.gold_ore":56,"stat.diveOneCm":77848,"stat.pickup.minecraft.wheat":1,"stat.mineBlock.minecraft.mossy_cobblestone":4,"stat.craftItem.minecraft.cooked_porkchop":8,"stat.drop.lootbags.itemlootbag":15,"stat.pickup.umm3185118519.tungsten":4,"stat.useItem.randomloot.axe":44,"stat.killEntity.grimoireofgaia.vase":1,"stat.jump":5297,"stat.pickup.minecraft.coal":396,"stat.pickup.minecraft.iron_ingot":58,"stat.useItem.randomloot.paxel":333,"stat.drop.minecraft.wooden_sword":1,"stat.pickup.minecraft.gunpowder":306,"stat.craftItem.minecraft.torch":120,"stat.pickup.minecraft.dirt":104,"stat.craftItem.comforts.sleeping_bag":1,"stat.pickup.minecraft.gold_ore":315,"stat.mineBlock.minecraft.lapis_ore":12,"stat.mineBlock.minecraft.glass_pane":4,"stat.pickup.randomloot.heavy_legs":1,"stat.damageTaken":16554,"stat.mineBlock.minecraft.torch":7,"stat.pickup.srparasites.assimilated_flesh":4,"stat.pickup.heroicarmory.rsironsword":1,"stat.pickup.minecraft.bed":55,"stat.pickup.srparasites.dispatcher_drop":427,"stat.pickup.umm3185118519.topaz_ore":354,"stat.killEntity.grimoireofgaia.gelatinous_slime":1,"stat.drop.heroicarmory.skyrimdaedricwarhammer":1,"stat.pickup.randomloot.heavy_boots":1,"stat.drop.bountifulbaubles.potionrecall":1,"stat.pickup.heroicarmory.rsbronzewarhammer":1,"stat.mineBlock.srparasites.canisteractive":11,"stat.pickup.bountifulbaubles.potionrecall":1,"stat.useItem.heroicarmory.khkeyblade":1,"stat.mineBlock.umm3185118519.pearl_ore":2,"stat.useItem.tombstone.gift":3,"stat.pickup.scalinghealth.heartcontainer":1,"stat.mineBlock.scalinghealth.crystalore":1,"stat.mineBlock.umm3185118519.ruby_ore":12,"stat.pickup.minecraft.cooked_beef":13,"stat.craftItem.mutantbeasts.mutant_skeleton_rib_cage":1,"stat.mineBlock.minecraft.stonebrick":53,"stat.mobKills":284,"stat.mineBlock.minecraft.bookshelf":7,"stat.craftItem.minecraft.shears":1,"stat.pickup.minecraft.diamond":24,"stat.pickup.minecraft.iron_horse_armor":19,"stat.pickup.minecraft.torch":83,"stat.pickup.umm3185118519.cobalt_ore":26,"stat.killEntity.grimoireofgaia.cyclops":1,"stat.pickup.abyssalcraft.coralium":127,"stat.pickup.grimoireofgaia.misc_soul_fire":2,"stat.killEntity.abyssalcraft.shadowmonster":2,"stat.killEntity.mutantbeasts.mutant_skeleton":1,"stat.pickup.minecraft.lapis_block":22,"stat.craftItem.umm3185118519.tungsten_leggings":1,"stat.useItem.minecraft.planks":3,"stat.useItem.tombstone.familiar_stone":2,"stat.pickup.gb.glob":42,"stat.pickup.minecraft.porkchop":2,"stat.pickup.gb.globot":10,"stat.mineBlock.minecraft.stone_brick_stairs":3,"stat.pickup.minecraft.sand":3,"stat.pickup.randomloot.axe":2,"stat.mineBlock.gb.glucky_block":8,"stat.killEntity.abyssalcraft.abyssalzombie":5,"stat.pickup.srparasites.parasitestain_fleshstairs":1,"stat.killEntity.abyssalcraft.depthsghoul":1,"stat.mineBlock.umm3185118519.copper_ore":15,"stat.pickup.spartanweaponry.katana_iron":1,"stat.pickup.heroicarmory.ffcaladbolg":2,"stat.pickup.minecraft.chainmail_chestplate":4,"stat.mineBlock.minecraft.sand":3,"stat.craftItem.umm3185118519.jade":1,"stat.trappedChestTriggered":4,"stat.craftItem.umm3185118519.tungsten_chestplate":1,"stat.pickup.srparasites.lurecomponent2":2,"stat.pickup.srparasites.lurecomponent1":180,"stat.useItem.spartanweaponry.throwing_knife_iron":2,"stat.pickup.minecraft.furnace":1,"stat.useItem.minecraft.cooked_mutton":6,"stat.pickup.minecraft.iron_chestplate":2,"stat.pickup.tombstone.magic_scroll":68,"stat.useItem.heroicarmory.rsrunebattleaxe":9,"stat.playOneMinute":518796,"stat.pickup.tconstruct.rack":8,"stat.pickup.randomloot.heavy_helmet":1,"stat.pickup.randomloot.golden_case":156,"stat.pickup.minecraft.iron_bars":12,"stat.pickup.minecraft.pumpkin":512,"stat.useItem.heroicarmory.skyrimdaedricwarhammer":375,"stat.pickup.minecraft.cooked_chicken":6,"stat.fallOneCm":118769,"stat.pickup.minecraft.melon_seeds":4,"stat.pickup.quark.slate":130,"stat.pickup.minecraft.feather":17,"stat.pickup.heroicarmory.mhwailingcleaver":1,"stat.useItem.minecraft.furnace":1,"stat.pickup.theoneprobe.probenote":1,"stat.mineBlock.minecraft.gravel":11,"stat.pickup.randomloot.repair_station":1,"stat.pickup.minecraft.chainmail_boots":46,"stat.useItem.minecraft.torch":162,"stat.pickup.umm3185118519.aquamarine_ore":15,"stat.drop.tombstone.crafting_ingredient":1,"stat.killEntity.angelic_creeper":1,"stat.pickup.minecraft.iron_nugget":863,"stat.pickup.minecraft.crafting_table":16,"stat.craftItem.minecraft.crafting_table":2,"stat.pickup.minecraft.iron_hoe":66,"stat.pickup.umm3185118519.tin_ore":5,"stat.mineBlock.minecraft.emerald_ore":3,"stat.pickup.randomloot.basic_case":269,"stat.pickup.minecraft.log":105,"stat.useItem.randomloot.rl_bow":31,"stat.pickup.umm3185118519.pearl_ore":2,"stat.drop.minecraft.stonebrick":1,"stat.pickup.usefulbackpacks.backpack":2,"stat.craftItem.usefulbackpacks.backpack":2,"stat.pickup.minecraft.chainmail_leggings":34,"stat.pickup.minecraft.sapling":8,"stat.killEntity.musical_creeper":1,"stat.drop.heroicarmory.rsironsword":1,"stat.mineBlock.umm3185118519.tin_ore":5,"stat.useItem.randomloot.shovel":3,"stat.killEntity.Bonepile":1,"stat.pickup.quark.root":11,"stat.pickup.artifacts.flame_pendant":1,"stat.mineBlock.umm3185118519.amethyst_ore":19,"stat.sneakTime":290,"stat.pickup.minecraft.rabbit_stew":1,"stat.pickup.minecraft.yellow_flower":5,"stat.useItem.heroicarmory.terrariapurpleclubberfish":13,"stat.killEntity.reversing_creeper":1,"stat.pickup.minecraft.bone":462,"stat.pickup.srparasites.parasitemouth":1,"stat.pickup.tombstone.christmas_gift":1,"stat.killEntity.grimoireofgaia.dryad":2,"stat.mineBlock.minecraft.brown_mushroom":3,"stat.pickup.umm3185118519.copper_ore":13,"stat.swimOneCm":125606,"stat.mineBlock.gb.gobber_ore":17,"stat.climbOneCm":735,"stat.mineBlock.quark.roots":3,"stat.drop.minecraft.brown_mushroom":1,"stat.pickup.lootbags.itemlootbag":435,"stat.useItem.minecraft.dirt":5,"stat.pickup.minecraft.golden_helmet":13,"stat.pickup.minecraft.anvil":4,"stat.pickup.minecraft.cobblestone":1501,"stat.mineBlock.minecraft.carpet":2,"stat.pickup.minecraft.glass_bottle":143,"stat.mineBlock.quark.custom_chest":1,"stat.drop.minecraft.wheat_seeds":1,"stat.useItem.minecraft.cooked_beef":32,"stat.craftItem.minecraft.wooden_slab":24,"stat.pickup.umm3185118519.tungsten_ore":52,"stat.drop.minecraft.clay_ball":1,"stat.pickup.minecraft.redstone":166,"stat.mineBlock.minecraft.iron_ore":333,"stat.pickup.umm3185118519.amber_ore":45,"stat.pickup.minecraft.mutton":9,"stat.pickup.minecraft.mossy_cobblestone":4,"stat.pickup.heroicarmory.rsdragonsword":1,"stat.pickup.abyssalcraft.shadowshard":6,"stat.drop.minecraft.iron_bars":2,"stat.pickup.umm3185118519.aluminum_ore":8,"stat.pickup.minecraft.stonebrick":50,"stat.useItem.minecraft.cooked_porkchop":8,"stat.pickup.minecraft.carpet":73,"stat.pickup.heroicarmory.scstiletto":131,"stat.useItem.tconstruct.edible":2,"stat.useItem.grimoireofgaia.food_root":2,"stat.useItem.heroicarmory.rsdragonsword":13,"stat.craftItem.minecraft.stick":36,"stat.pickup.randomloot.titanium_legs":1,"stat.mineBlock.minecraft.crafting_table":3,"stat.useItem.minecraft.carrot":28,"stat.pickup.minecraft.diamond_chestplate":1,"stat.mineBlock.minecraft.planks":4,"stat.drop":43,"stat.killEntity.Sheep":6,"stat.mineBlock.umm3185118519.titanium_ore":8,"stat.pickup.minecraft.gravel":241,"stat.drop.minecraft.cooked_beef":7,"stat.mineBlock.abyssalcraft.nitreore":10,"stat.mineBlock.minecraft.anvil":3,"stat.pickup.heroicarmory.terrariaplatinumbroadsword":1,"stat.pickup.minecraft.stone_brick_stairs":3,"stat.craftItem.tconstruct.rack":8,"stat.drop.bountifulbaubles.potionwormhole":1,"stat.pickup.scalinghealth.crystalshard":1,"stat.pickup.minecraft.spider_eye":1,"stat.useItem.minecraft.cooked_chicken":6,"stat.pickup.minecraft.iron_ore":334,"stat.pickup.heroicarmory.skyrimdaedricwarhammer":2,"stat.killEntity.Damcell":1,"stat.mineBlock.srparasites.parasitemouth":1,"stat.mineBlock.minecraft.iron_bars":2,"stat.pickup.randomloot.titanium_helmet":2,"stat.pickup.quark.custom_chest":1,"stat.mineBlock.minecraft.stone_stairs":6,"stat.pickup.minecraft.leather":23,"stat.mineBlock.minecraft.furnace":1,"stat.killEntity.CaveSpider":3,"tombstone:undead_killed":58,"stat.pickup.srparasites.canisteractive":10,"stat.damageDealt":53470,"stat.sleepInBed":13,"stat.killEntity.Cow":23,"stat.pickup.grimoireofgaia.food_meat":25,"stat.walkOneCm":1873334,"stat.useItem.quark.custom_chest":8,"stat.pickup.minecraft.stick":32,"stat.craftItem.quark.custom_chest":9,"stat.pickup.minecraft.clay_ball":54,"stat.entityKilledBy.armored_creeper":1,"stat.mineBlock.umm3185118519.amber_ore":38,"stat.useItem.scalinghealth.heartcontainer":1,"stat.pickup.minecraft.stone":49,"stat.killEntity.Skeleton":15,"stat.killEntity.Chicken":3,"stat.killEntity.Spider":2,"stat.pickup.minecraft.bread":2,"stat.killEntity.Boulderer":4,"stat.mineBlock.srparasites.parasitestain_fleshstairs":1,"stat.mineBlock.minecraft.leaves":18,"stat.pickup.randomloot.breaker":1,"stat.mineBlock.minecraft.redstone_ore":39,"stat.craftItem.umm3185118519.tungsten":61,"stat.mineBlock.minecraft.stone":1016}