[
  {
    "signatures": [
      {
        "signature": "sha256:eb8d062ca92128515b5bc6996ae416c49763f85b1d5f36fbd73cb67c3a2c048e",
        "filename": "Capsule-1.12.2-3.4.76.jar"
      },
      {
        "signature": "sha256:df2560b64e53287a39b5d0c0f953e43965df6e73bf23ff3025d303683da7c56c",
        "filename": "SoulShardsRespawn-1.12.2-1.1.2.jar"
      },
      {
        "signature": "sha256:5052f3e308b3ecb6620d26c5ab0cc15c0373732086337483a19fd4447e540ab0",
        "filename": "ThermalFoundation-1.12.2-2.6.7.1-universal.jar"
      },
      {
        "signature": "sha256:32fc4972d4198d5decb8d0b38c112915c29953ae172441a590bf51ce4a647188",
        "filename": "Streams-1.12-0.4.9.jar"
      },
      {
        "signature": "sha256:3ce60a0e2c757937eab9cafb2baa9bc823e96a9d41f39f462bf276c224ae099f",
        "filename": "conarm-1.12.2-1.2.5.10.jar"
      },
      {
        "signature": "sha256:311e1078919c264b7c0437fcb9e045844092edd88b6e091fa718addb73f1c945",
        "filename": "HadEnoughItems_1.12.2-4.24.0.jar"
      },
      {
        "signature": "sha256:c8e0099dcda96d0d284db19be2998fac0a9dd71f84d90ea2b03b07fdf36eafa1",
        "filename": "torchmaster_1.12.2-1.8.5.0.jar"
      },
      {
        "signature": "sha256:b2dc9252e831746b0630026d123df557e3923d962c27437773c7f568e3c611b8",
        "filename": "tombmanypluginsbackpacks-1.0.0.jar"
      },
      {
        "signature": "sha256:5d7fdda78778b508014aaece4200b7d8ec9f23a0164cf15265f9bb8303726924",
        "filename": "Backups-1.12.2-1.5.7.jar"
      },
      {
        "signature": "sha256:ff3c4e5c4736ed7e36e085969f8e42475ffa869e05d17892227960801dcd9bf4",
        "filename": "unloader-1.2.0.jar"
      },
      {
        "signature": "sha256:29aa1b312d33b73a2923236cf15ec31c7e9c7c07c7e3ec2f2c996745fc6fe6a6",
        "filename": "ASMC-1.12.2-1.0.2.jar"
      },
      {
        "signature": "sha256:3b2c7647668d42d6a488d03c7cf77941662494ea24d6cc806f6a15053ccd4628",
        "filename": "AttributeFix-1.12.2-1.0.4.jar"
      },
      {
        "signature": "sha256:f66add4cc170c116a76d81f303681c5b7cc110d1871350c58daf9262e1a7a0af",
        "filename": "savemystronghold-1.12.2-1.0.0.jar"
      },
      {
        "signature": "sha256:f44ffe25a0c835571da284a03a8fb0700ac54d6d303f894c0674f66ef86c5015",
        "filename": "ExperienceBugFix-1.12.2-1.0.0.0.jar"
      },
      {
        "signature": "sha256:049b91d2dc2cf56448cbb51818531d2771f71fc633bbe3feef21aae4997bfcd3",
        "filename": "TreeChop-1.12.2-0.14.7.jar"
      },
      {
        "signature": "sha256:722ac66d1d59c581d68abf797605a26a6610d47c9c626acbfcaeaad522cc1fcb",
        "filename": "EnchantingPlus-1.12.2-5.0.176-fix.jar"
      },
      {
        "signature": "sha256:524f1734869765f15185ced926bea0c46f133b0e22342bcb736b7a2da2f673f0",
        "filename": "fairylights-2.2.0-1.12.2.jar"
      },
      {
        "signature": "sha256:62f85e3bd9ec41a6afb81a0ce1798e439fb3d2e293b9e6d3fee72dd32d5cac48",
        "filename": "DupeFixProject-1.12.2-3.1.6.jar"
      },
      {
        "signature": "sha256:b152d4f236a441d851db9317f04656e8f76f45a2e60c3e5b1b27c4f0d2ce79d9",
        "filename": "HexxitWorld-1.12.2-1.0.3.jar"
      },
      {
        "signature": "sha256:31571a6c01b9fd8daf481fa2f22615bbc99335c21f5e474a5607ea149bf2b9aa",
        "filename": "RebornCore-1.12.2-3.19.5-universal.jar"
      },
      {
        "signature": "sha256:b9136aa6ac8e325208f3cda2186d872a77de65701e4f0128d6fdb29c05f498b7",
        "filename": "chunkgenlimiter-1.1.jar"
      },
      {
        "signature": "sha256:d8610a94da8f30815db4612b3291ecdcfd8204eaf1a4db8c5d0663c7b1191d91",
        "filename": "AutoRegLib-1.3-32.jar"
      },
      {
        "signature": "sha256:939dac94a134d69b1f12122311dfa0c045721a3d325674b53e6e84e5c7c0e457",
        "filename": "tombmanygraves2api-1.12.2-1.0.0.jar"
      },
      {
        "signature": "sha256:28016063a5bce9f229305692795b1e64702985abc026d480e45d9663a96ea80c",
        "filename": "Farseek-1.12-2.5.1.jar"
      },
      {
        "signature": "sha256:1904c32a8e0077e005bfefe005c26834c2df09881bc075a7deadce8da97fb457",
        "filename": "Morpheus-1.12.2-3.5.106.jar"
      },
      {
        "signature": "sha256:84ac74ed254fcc2c7c9d1a9702d636a2c825a8825af7fe2db79f31bfe0cf8849",
        "filename": "Netherending-Ores-1.12.2-1.4.2.jar"
      },
      {
        "signature": "sha256:5f8499f7ee2590e45110bbf296b2bf101aec15897e28d5e9759cf8f2387d8a74",
        "filename": "CodeChickenLib-1.12.2-3.2.3.358-universal.jar"
      },
      {
        "signature": "sha256:25718bd80799a608c45299d13d86e5d67248f07a3c00657c690948b1821835ce",
        "filename": "ForgeMultipart-1.12.2-2.6.2.83-universal.jar"
      },
      {
        "signature": "sha256:62f85e3bd9ec41a6afb81a0ce1798e439fb3d2e293b9e6d3fee72dd32d5cac48",
        "filename": "DupeFixProject-1.12.2-3.1.6.jar"
      },
      {
        "signature": "sha256:a7d43ddfb8a1f31f61a062eaba07257f03653686362a3b17a8b6d3d71df0b48b",
        "filename": "growthcraft-1.12.2-4.2.2.1.jar"
      },
      {
        "signature": "sha256:6380ad3f470c38337e545afec5418084e95bd7ec3cd75658f9da81e46a2288b1",
        "filename": "BetterMineshaftsForge-1.12.2-2.2.1.jar"
      },
      {
        "signature": "sha256:b06fa7563646ceb810cb0e49f4fd7930545ec7527c58be713460fade79eb99b5",
        "filename": "oreberries-1.12.x-0.5.0.jar"
      },
      {
        "signature": "sha256:5e79f329154d9a6225130f2b29dbcb0f603e2e622637e39ca566f8179b02ca15",
        "filename": "Waystones_1.12.2-4.1.0.jar"
      },
      {
        "signature": "sha256:c3d3def7cb99ec077a1fec61dd17c9ba0d818febbeb948580e30ca71b4f7d0bc",
        "filename": "EyesInTheDarkness-0.1.0.jar"
      },
      {
        "signature": "sha256:028dec6bc1fcac3b56c8d2bffde07f6ee7f661259be937a703fb7df7031fd0f4",
        "filename": "CraftTweaker2-1.12-4.1.20.681.jar"
      },
      {
        "signature": "sha256:9293907825d431db479afd87fcc70b5d09b672231c2f66db2f41e74de02e4891",
        "filename": "mysticallib-1.12.2-1.13.0.jar"
      },
      {
        "signature": "sha256:e9a8d22825b0741025ba5912f4f100d85cfa24d1e4bece7b8a358e159598ba4c",
        "filename": "AdditionalBanners-1.12.2-1.1.77.jar"
      },
      {
        "signature": "sha256:9292ed03a9ecda60fc540d4df1dc7df282d0e446b173b6b0dee97f6bf24db6ec",
        "filename": "JRFTL[1.12.2]-1.1.jar"
      },
      {
        "signature": "sha256:4bbd37edecff0b420ab0eea166b5d7b4b41a9870bfb8647bf243140dc57f101e",
        "filename": "AppleSkin-mc1.12-1.0.14.jar"
      },
      {
        "signature": "sha256:262eac740a5c264ca8effbae32e30d80c22bf9f18118d67701048f2829eeac55",
        "filename": "deadlyworld-1.1.1_for_mc1.12.2.jar"
      },
      {
        "signature": "sha256:ccfcad80ef73ab815875a91979128ed58c262c479c7c0e5da65b225954bee197",
        "filename": "Forgelin-1.8.4.jar"
      },
      {
        "signature": "sha256:5efd826e2bc2bc854f271b5e0f5cfd04e17f23abb6fbcf2fb9d03acd36a0c172",
        "filename": "statues-rechiseled-1.12.2-1.0.1.jar"
      },
      {
        "signature": "sha256:448e4ea316f9ca3ecd0697ec905edbad8045f728d5369762d3def5448999d071",
        "filename": "!mixinbooter-5.0.jar"
      },
      {
        "signature": "sha256:6e5df186b4e3e1a0e24f57bd98d6f9e67a16dfb9815b21fbf7ac977c8c3eb23d",
        "filename": "BirdsNests1.12.2-2.1.0.jar"
      },
      {
        "signature": "sha256:66a567a85dcb3f1e26b4dd6b0e3327d64992d88648e0272846a5b27073666fe7",
        "filename": "CustomStartingGear-1.12-1.2.0.9-universal.jar"
      },
      {
        "signature": "sha256:640beff327b6bdeee4c7e88fccc583e90a79aa0828d5c5cd17fcc6bc616872e4",
        "filename": "cyclopstek-1.0.34.jar"
      },
      {
        "signature": "sha256:f0c699d83808fe952357b77b5396746cf55b7bdbe28a43800ba3a1f1091df41e",
        "filename": "backpack-3.0.2-1.12.2.jar"
      },
      {
        "signature": "sha256:4f56b07a6c73c2d097e50abeec0f7766f31b0be0a6b0643a13898db3763cc4fa",
        "filename": "creeperconfetti-1.4.2.jar"
      },
      {
        "signature": "sha256:0024f21e4c0a777949aabff6af6cf58632b531359fdebc296a3bb5a7ab4fe22c",
        "filename": "Bountiful-1.12.2-2.2.3.jar"
      },
      {
        "signature": "sha256:55708c8136085b7f2920b9d86613a3769b67f20d963600aeaab8e6ef6aa4068c",
        "filename": "secretroomsmod-1.12.2-5.6.4.jar"
      },
      {
        "signature": "sha256:b0c939bbbada43ecbdd10f91deaa27556e552770b967a00459bdf43da0797820",
        "filename": "packcrashinfo-1.0.1.jar"
      },
      {
        "signature": "sha256:1b95bbe8595982481105fe353068e03a8fbd31229daa1c7eb5af18a1521eb459",
        "filename": "rare-ice-0.1.1.jar"
      },
      {
        "signature": "sha256:e7b1457912936196bbaa143bc497a7482c494a411dff430c6aa79d2bc56464eb",
        "filename": "Ladylib-2.3.jar"
      },
      {
        "signature": "sha256:b9e3bcf556bfc42e1e1c8fcf4b06486a43ed1493a2cb06ab6993737b65591d7d",
        "filename": "ClassicCombat-1.0.1.jar"
      },
      {
        "signature": "sha256:be89ff855b55d10469779660089cbb13f1f438a9a934724ebffa49982f269414",
        "filename": "Traverse-1.12.2-1.6.0-69.jar"
      },
      {
        "signature": "sha256:6a021aa8bf091d82781deb3b4ecc272d6fd29d02962c2eb48a6c3a739332dde8",
        "filename": "NoMoreRecipeConflict-0.13(1.12.2).jar"
      },
      {
        "signature": "sha256:ff9e9e32d7d6fa3a5de100a64f9b05c8ba1eb17944934e8b3d3d82f10c13d7fd",
        "filename": "betterinvisibility-1.0.1.jar"
      },
      {
        "signature": "sha256:4edda1cb9a1eb9240b7c9087dfc0347b0f75c29f7239299991b27324524b167f",
        "filename": "AkashicTome-1.2-12.jar"
      },
      {
        "signature": "sha256:eb2fbfda86d2c696ea50037bb5b8bc5377775877d27026187fee8f4919000107",
        "filename": "fencejumper-1.12-1.0.5.jar"
      },
      {
        "signature": "sha256:e07b0c48def9ce8cfaa4cf7a7c656bf7f7d6815f74fbcc2957dd43efa78486a9",
        "filename": "CoFHCore-1.12.2-4.6.6.1-universal.jar"
      },
      {
        "signature": "sha256:c6d836b4d14223999afcd9df143076a5a709ff2009d6604382c346d1a258284b",
        "filename": "randompatches-1.12.2-1.22.1.10.jar"
      },
      {
        "signature": "sha256:49ea3d2eebd4c8743f3f679c324dd41b919f13284574156c5b17e68451bc1ddc",
        "filename": "Quark-r1.6-180.jar"
      },
      {
        "signature": "sha256:003421fa15bc84733343ad26f8bd9387bbd110df6c7ff860cae87ec11f85399d",
        "filename": "UniDict-1.12.2-3.0.10.jar"
      },
      {
        "signature": "sha256:ea8ba7acdfaf7102cad7e3638bffa247bd5cfb634de4c355d47d33a8d2c724a1",
        "filename": "ChestTransporter-1.12.2-2.8.8.jar"
      },
      {
        "signature": "sha256:e9ddecd4920ee9a57e11e4b43fb1dd395bbf37e276be726a99a2590272304124",
        "filename": "Hwyla-1.8.26-B41_1.12.2.jar"
      },
      {
        "signature": "sha256:0224f37247fab841593170e5c8808bc99b5d8eccd59061c1fa5ebfeb1ffc3d9a",
        "filename": "HaxyMocreaturesModAdder.jar"
      },
      {
        "signature": "sha256:0bb50f545b87f19087d9dbdb9930d6be2d66ee8c76d2a1982eef9e3d2bb43108",
        "filename": "BetterBuildersWands-1.12.2-0.13.2.271.jar"
      },
      {
        "signature": "sha256:597c21ab6f0d701ec2d7d9e6abdd9e4e3d949af1a9635ef018cef7df4c126e57",
        "filename": "KleeSlabs_1.12.2-5.4.12.jar"
      },
      {
        "signature": "sha256:a235c1385ced8266de7b0566a4a73e93d41410fdf90b86cb7422da7d7e3015ec",
        "filename": "cakechomps-1.12.2-1.0.jar"
      },
      {
        "signature": "sha256:981789b0aafab9dd19be285314291d7d5ac2c2940a3a4d22ac70f824b4c4ea96",
        "filename": "Chocolate_Quest_Repoured-1.12.2-2.6.12B.jar"
      },
      {
        "signature": "sha256:c2110db8b8abec23d9e2e9c4a89be010f6fe1150d52595397179c8804d942ee3",
        "filename": "Placebo-1.12.2-1.6.0.jar"
      },
      {
        "signature": "sha256:a5f334d53fb051e0ef32e0e3793e70bc86161324f17d3d81d0b70dc31d4e0b90",
        "filename": "DeathCounter-1.12.2-1.1.0.jar"
      },
      {
        "signature": "sha256:ffdd9b70aa74c39a22e4972f37f39fda1b4be668d502b986a13dbd094c53e622",
        "filename": "ItemDamageRebalancer-1.12.2.003.jar"
      },
      {
        "signature": "sha256:ecc38b7cd01215dee794382cb1d9291289d3fb594f361bd2db5135e31d019e9f",
        "filename": "CustomMobSpawner-3.11.5.jar"
      },
      {
        "signature": "sha256:6130bd064d4aa1158308d699f370b5586447d026e2f559dfe14aa7df76cd6203",
        "filename": "GunpowderLib-1.12.2-1.1.jar"
      },
      {
        "signature": "sha256:981fb876fc665c7fa228ae9673ddbbd2355bbf320b6a7ead53987d35ef145e9c",
        "filename": "llibrary-core-1.0.11-1.12.2.jar"
      },
      {
        "signature": "sha256:f8c46dfa9f1c11641d2f7400efa52c97be954e8e178d0ef346cc601c320b414f",
        "filename": "NetherPortalFix_1.12.1-5.3.17.jar"
      },
      {
        "signature": "sha256:a1101ec8a6fa635670093b0fc511700c76650922a3f422d52902f556e6268c36",
        "filename": "playerplates-1.12.2-1.3.1.1.jar"
      },
      {
        "signature": "sha256:ed7cd329571fa96aef64a9ce2c490139fbc0acb1548ac64cc5eefd32ce6fc063",
        "filename": "RecurrentComplex-1.4.8.2.jar"
      },
      {
        "signature": "sha256:0b086aced1beca90ed5bb25fe6951a4d191d9b49f221af1074d1f9ff4f364b74",
        "filename": "chiselsandbits-14.33.jar"
      },
      {
        "signature": "sha256:15959e17268e105bae4d2686c448249dd36e19e5a870b3a6726001506e594125",
        "filename": "specialmobs-1.0.4_for_mc1.12.2.jar"
      },
      {
        "signature": "sha256:62183a1fa282032e2fea2c3ff6348611a03685a50769199243a42d38605d08a6",
        "filename": "comforts-1.12.2-1.4.1.3.jar"
      },
      {
        "signature": "sha256:a1dac96cf2168015255f4cad8748e8b969e99bd0919e9cb78deb9198ee9753e8",
        "filename": "CosmeticArmorReworked-1.12.2-v5a.jar"
      },
      {
        "signature": "sha256:def6e04f8ecb9b506447dc52ec0aa8e310c02463caaeb7f73955b612af59c252",
        "filename": "MmmMmmMmmMmm-1.12-1.14.jar"
      },
      {
        "signature": "sha256:64c62f20a89939db2c03d47737c7bd371d8bd8c10ae42e2e8c63432ae89db2c7",
        "filename": "Chisel-MC1.12.2-1.0.2.45.jar"
      },
      {
        "signature": "sha256:26dccd0e1f4305f5f544de7e7772a98bab5eb302922253cd65ef018ba8acc50f",
        "filename": "placeableitems-3.3.jar"
      },
      {
        "signature": "sha256:f1b0be3b482a2e36315f2c13198c64e305fe7cdace3babd5d54d9c6568b8f8a3",
        "filename": "InfernalMobs-1.12.2.jar"
      },
      {
        "signature": "sha256:6ff7f96d076bfaad83fb6ba92ec457b8a76391439663b0cc32a9ec5398345280",
        "filename": "RedstoneFlux-1.12-2.1.1.1-universal.jar"
      },
      {
        "signature": "sha256:b76950b93358a9273fab35d9a3e57d81257527a04a38dcb2c9cd1485c5fa987d",
        "filename": "lemonlib-1.12.2-1.3.0.jar"
      },
      {
        "signature": "sha256:2347fb49771d8889f37eb0704196b19cb9201ab426d48816695a31989707e2eb",
        "filename": "MoreBows-1.0.6.jar"
      },
      {
        "signature": "sha256:cd3fbf85d7ca744507fd6a37a41b90122d43e616a4f8962332b1b658655e8a64",
        "filename": "server.jar"
      },
      {
        "signature": "sha256:8a2f46a434065b1384434256dc9f95dba3837ac0291e197bfb422cf9cfbd4618",
        "filename": "LostBooks-II-1.12.2-2.0.3.jar"
      },
      {
        "signature": "sha256:db86c2c728c148ff20e4349fa18767853326ec78e6581afb0c38954fe2abf42a",
        "filename": "FastWorkbench-1.12.2-1.7.4.jar"
      },
      {
        "signature": "sha256:4c4b6ffbd7fbced37afefea3def1a08e44ed5e4c427c001afc870a8d1dbc9c43",
        "filename": "colorchat-1.12.1-2.0.43-universal.jar"
      },
      {
        "signature": "sha256:9bd2527323564c66ac66e69c5b05384af24e9d9ce43d7d1f721094d2f4e392d8",
        "filename": "Born In A Barn V1.8-1.12-1.1.jar"
      },
      {
        "signature": "sha256:3fef07b3124a16250645c9549b9b67e0a85dde29b5b27b16d33581b531f25fce",
        "filename": "TombManyGraves-1.12-4.2.0.jar"
      },
      {
        "signature": "sha256:563f40aad42d43612b799b5fdf89b00e379e6c64eeb8b01cb0c68c66635c6df5",
        "filename": "StorageDrawers-1.12.2-5.4.2.jar"
      },
      {
        "signature": "sha256:87e2702152d795efd8548b3a1ec9471469d7c705db1ec199a465807720ddcdcd",
        "filename": "TinkerToolLeveling-1.12.2-1.1.0.jar"
      },
      {
        "signature": "sha256:21a402410869dad8d023e05f3a5488e7b34680ca11e8226560c572f6d06e53f1",
        "filename": "BattleTowers-1.12.2.jar"
      },
      {
        "signature": "sha256:58017f9e3aff1e7f3079cf17f502c62029a10b994fafbce444f4d8403051e4f0",
        "filename": "phosphor-1.12.2-0.2.9.2-SNAPSHOT-universal.jar"
      },
      {
        "signature": "sha256:f527ba59d8ab56d936b7edcd9ef0f42232dac436864603a016b83bfbb53c2384",
        "filename": "Translocators-1.12.2-2.5.2.81-universal.jar"
      },
      {
        "signature": "sha256:238416f801acda67b90fba9e0e572dbd6e7631b7e64c3eb3d6226f45ae536c87",
        "filename": "Chameleon-1.12-4.1.3.jar"
      },
      {
        "signature": "sha256:43f0fe963867bd74a18ac3f04caaf65c75d197abaf703f96b8282af6b843f2f8",
        "filename": "BiblioCraft[v2.4.6][MC1.12.2].jar"
      },
      {
        "signature": "sha256:d2127504eecc09ab909071599b2c97191e4c02890dbb220c3231a456911e079c",
        "filename": "ConsoleFilter-1.12.2-1.1.1.jar"
      },
      {
        "signature": "sha256:7f2642cdc85c32ec754914e77f5bad11976c7c9c51d296e0ae4a8428d01153e8",
        "filename": "Schematica-1.12.2-1.8.0.169-universal.jar"
      },
      {
        "signature": "sha256:ff78f5ac00574912d60022b4a4208cc00f9d4fccfa444efcea38cf1cbb76bcce",
        "filename": "tumbleweed-1.12-0.4.7.jar"
      },
      {
        "signature": "sha256:15fe438bb348946b5dade92b16044f24ffa050ccac56cc4c9d084b60573e3f92",
        "filename": "tombmanypluginscosmeticarmorreworked-1.0.0.jar"
      },
      {
        "signature": "sha256:0ab0cb80822dd58ed83393edff83ac0497e1f12cbf4ceb9dacd963e2a949d2cb",
        "filename": "stg-1.12.2-1.2.3.jar"
      },
      {
        "signature": "sha256:f10cd57075690ecbe52094f8af0d2a5af12f89c82b7c6eb73d3d090d74206ea0",
        "filename": "CoFHWorld-1.12.2-1.4.0.1-universal.jar"
      },
      {
        "signature": "sha256:0ff1b538040aaa128b66238cdf6cb2a3eb9a5dbc88170103eb48e86d8a567640",
        "filename": "DamageTilt-1.12.2-0.1.0.jar"
      },
      {
        "signature": "sha256:7663b57daf6ca0b36fbc8dd8ed06dc64447648237579b0c08910e15434ce36b2",
        "filename": "natura-1.12.2-4.3.2.69.jar"
      },
      {
        "signature": "sha256:bd4f556b7e5480687dbc09735dca05a1ceb3622dc93422adb5dab4f68cc9f2d1",
        "filename": "NaturesCompass-1.12.2-1.8.5.jar"
      },
      {
        "signature": "sha256:1d4841af1f9988651f8174f0b1e90b5d8effa86f41490c987348f9e57527b01b",
        "filename": "jepb-1.12-1.2.1.jar"
      },
      {
        "signature": "sha256:06d69798f30162350ef631146380d0c80ef9a5aa51228c8e6e19b3ee798c5f1a",
        "filename": "plustic-8.0.1.0.jar"
      },
      {
        "signature": "sha256:a7c2c095a0a056f838e60b5e069ea703ae117d8a6558f61ca74d5bd5d5d73da3",
        "filename": "JonsExclusives-MC1.12.2-v1.1.2.jar"
      },
      {
        "signature": "sha256:46b58f509e9023adda3ac087031ebd60acc9db8177125cd197a33099b8eea603",
        "filename": "SpartanShields-1.12.2-1.5.5.jar"
      },
      {
        "signature": "sha256:4b1c265d113ce8294243d4659d8ddc6c2a7357b509b13f0c12d4ee1485bc0921",
        "filename": "gravelores-1.8.jar"
      },
      {
        "signature": "sha256:3b611b599c2de6de4fded0cc65abb77f40e90cc5f4801d04c0bcdbb1af06e0d0",
        "filename": "CraftStudio-1.0.1.95-mc1.12-alpha.jar"
      },
      {
        "signature": "sha256:2b64a900a30d12c55c48f295097327eab5547fa3e7dccdce0f929ecdee25d038",
        "filename": "blockcraftery-1.12.2-1.3.1.jar"
      },
      {
        "signature": "sha256:29d3a4115d67b83eb542b618eb64db40db23a7f009a0f4dc9a396101d6f8491f",
        "filename": "ironchest-1.12.2-7.0.72.847.jar"
      },
      {
        "signature": "sha256:b32010b2f2778aa1188585e7ead91ad46d4cb2c715f9c778a61848ba7fe51f8d",
        "filename": "Baubles-1.12-1.5.2.jar"
      },
      {
        "signature": "sha256:87483e867f7719ee85587343ef7b9748059f053f8dc9934cae80f348b8ab6c86",
        "filename": "DrZharks MoCreatures Mod-12.0.5.jar"
      },
      {
        "signature": "sha256:95b308516152c3baed15bf79468d2b6fe4ab315aa008e468335052d9965de564",
        "filename": "EntityDesyncFix-1.12.2-1.0.2.jar"
      },
      {
        "signature": "sha256:ffb745111790e27cb7810a2e03d5270265dee7ebd3ef98fde897c409d58b1e59",
        "filename": "IvToolkit-1.3.3-1.12.jar"
      },
      {
        "signature": "sha256:e6752973cf884f96fcd3835fe6c184b3b4180a27fd955ca07c561cf77e837dda",
        "filename": "foamfix-0.10.15-1.12.2.jar"
      },
      {
        "signature": "sha256:8fcceac75c71e0d041db734111200205d03431b7e8646f8209cf2c4de9afef7b",
        "filename": "Patchouli-1.0-23.6.jar"
      },
      {
        "signature": "sha256:b00bc9de4e3e94cea0455f8d58b295c1464272135e842bdf3170c2c955c871a5",
        "filename": "geckolib-forge-1.12.2-3.0.31.jar"
      },
      {
        "signature": "sha256:2924427a8d7d981fdfd90af754ed8a3ca09584085c12844b73d60ad7ee3570be",
        "filename": "Seared-Ladder-v1.1.2-mc1.12.2.jar"
      },
      {
        "signature": "sha256:0b2d1ad7e83bd302f760d99579fdfd915a56e804dc3497e03fedbc5c4cff19f2",
        "filename": "chunkgenlimiter-1.1-core.jar"
      },
      {
        "signature": "sha256:707107f746ffc9d2bf35912953ae1ce780f7b7c4b7cf86b4821a1a151bcf9f6f",
        "filename": "TConstruct-1.12.2-2.13.0.183.jar"
      },
      {
        "signature": "sha256:95b308516152c3baed15bf79468d2b6fe4ab315aa008e468335052d9965de564",
        "filename": "EntityDesyncFix-1.12.2-1.0.2.jar"
      },
      {
        "signature": "sha256:67c5e8d8e975172d838f765040130ea0f73ec7a590b4470217a2f5516fdc652b",
        "filename": "LunatriusCore-1.12.2-1.2.0.42-universal.jar"
      },
      {
        "signature": "sha256:526d4fb23d033a79c44276b68746ab3f653e960c7101a9d62f51a12940730b94",
        "filename": "tinkersjei-1.2.jar"
      },
      {
        "signature": "sha256:043afbddfd567e753a893f5a8f0e052db7c45209a08d09d9dcf32cadca764109",
        "filename": "Bookshelf-1.12.2-2.3.590.jar"
      },
      {
        "signature": "sha256:d6f4f9b19e73a829c3479c77ffa59fa046f2d478a667dcdcb7080401ca6cb1d7",
        "filename": "Hexxit_Gear-1.12.2-2.8.2.jar"
      },
      {
        "signature": "sha256:e684b9517e5e394af418e615c0484f4344a0c932b3ba404c511e98e60a297120",
        "filename": "WanionLib-1.12.2-2.9.jar"
      },
      {
        "signature": "sha256:c8a991c71748b87b91508281e4da57d5c101ef681747bb84bb33193251680055",
        "filename": "combustfish-1.12.2-1.0.3.4.jar"
      },
      {
        "signature": "sha256:d696ac6efd28368a3661131d06f0cf1cdbca1e8ac45f16e5ec2aa859e7d14911",
        "filename": "FarmingForBlockheads_1.12.2-3.1.28.jar"
      },
      {
        "signature": "sha256:d3b01a9c77b6e573919947625acd9395168a8626d536942a751f51a40e676a89",
        "filename": "RoguelikeDungeonsFnarEdition-1.12.2-2.4.1.jar"
      },
      {
        "signature": "sha256:a3cc25bd00e3d63724f667f569889001be461eb8f383c03b931104ec42833cd5",
        "filename": "HelpFixer-1.12.1-1.5.18.jar"
      },
      {
        "signature": "sha256:a8d563ca184eff4dd7491e5910accfe431c6a9d969cde5382a282bf29f63ba7f",
        "filename": "k4lib-1.12.1-2.1.81-universal.jar"
      },
      {
        "signature": "sha256:8b1e74b636051754b92adda5bca74260769617c5498f5f815d774be7206c4f98",
        "filename": "Skewers-1.1.jar"
      },
      {
        "signature": "sha256:84f34aa469b917eb531e097e5f173a252eef2dd7ab020ac5899baab5d27bfa7b",
        "filename": "twilightforest-1.12.2-3.11.1021.pr1225.jar"
      },
      {
        "signature": "sha256:a9ced2493bb42fbc1b2d60f3655dec896d3b003dd3bc467f06bbc116006a2d6a",
        "filename": "LootTweaker-0.3.1+MC1.12.2.jar"
      },
      {
        "signature": "sha256:72678ce8e483488da933d5a15cb9b490d95b75337b9b115e1220d1a234f0909a",
        "filename": "AquaAcrobatics-1.15.0.jar"
      },
      {
        "signature": "sha256:6da4ff366330253e2fb4f6849ae0c81e4ddc9f6bd5814460ad9ecb63e9f65119",
        "filename": "FastLeafDecay-v14.jar"
      },
      {
        "signature": "sha256:217e734f1056cb00125c8b1f715fc256564e91bbbe3675a19ddc2889201674e8",
        "filename": "lumen-Beta 0.4.2.jar"
      },
      {
        "signature": "sha256:ae202ce14141e695a90fbdb7b66f63facbac77c6a6b2d141f86d4c6d593f3d64",
        "filename": "Exchangers-1.12.2-2.10.1.jar"
      },
      {
        "signature": "sha256:27fa8dbfc7428168229a445dad82a4696ba52cf0a6e054833bff0f93931d8ceb",
        "filename": "llibrary-1.7.20-1.12.2.jar"
      },
      {
        "signature": "sha256:fbf81a96f87c609feb0d03933398fdf4bd8b24bc18119f4642e42b30580950fc",
        "filename": "OpenBlocks-1.12.2-1.8.1.jar"
      },
      {
        "signature": "sha256:41eb672440a3fbbb058e1b83357abab0fbfa18af610a4f4edd0ee4c6a24e1fc4",
        "filename": "DimensionalDoors-1.12.2-3.0.12.jar"
      },
      {
        "signature": "sha256:47e671c2354358f3191dc80427cc203db8f5dffcc265e15561a77346b5010d00",
        "filename": "Elementary Staffs 1.0.6.jar"
      },
      {
        "signature": "sha256:0975ad3ef3b8b35fe43461feabe44d406b5521b0a2f3d1965c8d2f6a59ad2e65",
        "filename": "Mantle-1.12-1.3.3.55.jar"
      },
      {
        "signature": "sha256:9e3e185b40a43308ac8eef08db35a2ce95f6df711c655188b342263342bc748f",
        "filename": "culinaryconstruct-1.3.4.jar"
      },
      {
        "signature": "sha256:4df85922e481622c074f9e09cbb6ecb8e5d1bced3920597e1a22c5819a22913e",
        "filename": "Tinkers\u0027 Addons-1.12.1-1.0.7.jar"
      },
      {
        "signature": "sha256:cc2de46f335a21bb3edd89e2b980e750eca201543179c20ceed431902f4f18d0",
        "filename": "parry-1.0-hotfix.jar"
      },
      {
        "signature": "sha256:e0b90727cbe54a11fe568f3d60cd59d64ff3c14f82437e1d1c10b575886ab8a3",
        "filename": "iChunUtil-1.12.2-7.2.2.jar"
      },
      {
        "signature": "sha256:a1be899b1ac8a37cf5caf0f60f3ad223933b235665dbc2668b9446c10c2ad67b",
        "filename": "asgardshieldreloaded-1.12.2-1.0.jar"
      },
      {
        "signature": "sha256:cefd1124b24f8346de78f3f3722ab5c97c2a78f1b7cf59f465988c786be3b022",
        "filename": "loliasm-5.6.jar"
      },
      {
        "signature": "sha256:1f77457d3d03a06da533a0ad09af42df8e2f8df408678bee895eef6308ebad36",
        "filename": "Reliquary-1.12.2-1.3.4.796.jar"
      },
      {
        "signature": "sha256:cefd1124b24f8346de78f3f3722ab5c97c2a78f1b7cf59f465988c786be3b022",
        "filename": "loliasm-5.6.jar"
      },
      {
        "signature": "sha256:43f1d38e0e44305082e3f2a26e8de1abb8b9bb163e8c2c0045e590519624c30a",
        "filename": "colytra-1.12.2-1.2.0.4.jar"
      },
      {
        "signature": "sha256:d7e91840085ebaec178689b53c3cda80afb66e2c97d38562d0265a10d4db24db",
        "filename": "ProjectVibrantJourneys-1.12.2-1.6.4.jar"
      },
      {
        "signature": "sha256:702bbaa8186f4312ab90465fd1645be2d5fd55fee0dbb471909ed923b42b3585",
        "filename": "BTFixes-1.12.2-1.1.3.jar"
      },
      {
        "signature": "sha256:47a2428297213cb3f6b3b75fe1604b002e1f5e4412a2ce77c362bf598e15a877",
        "filename": "OpenModsLib-1.12.2-0.12.2.jar"
      },
      {
        "signature": "sha256:f7df4a095a08d74f553b6223d0059490cd2b9197b15e26721fbfbaf708e8290a",
        "filename": "badwithernocookiereloaded-1.12.2-3.4.18.jar"
      },
      {
        "signature": "sha256:b404308ac9518fb7ce762278ea2c3ae81ea42c7220e8c2373317da6c31dbb0e0",
        "filename": "OpenEye-1.12.2-0.8.jar"
      },
      {
        "signature": "sha256:99c0ca8bbe3e8fc9d80722774dee577dafbb499b54033fce76e7ae51c318e2e9",
        "filename": "elenaidodge-1.12.2-1.13.2.jar"
      },
      {
        "signature": "sha256:ce28db33cfdca80c98dfbb2e5928a5f090477897fa6d28a37300d5564617fde2",
        "filename": "MCMultiPart-2.5.3.jar"
      },
      {
        "signature": "sha256:0ba50d6ec19a5c81fe3d59e5c2cbb45efbe895dabe7a1a08e8d11ba90862b7d2",
        "filename": "Debark-0.1.3.jar"
      },
      {
        "signature": "sha256:70d71aea33f376990290da396627f0f7232f463337750c9fe01ea964d6508b44",
        "filename": "Nyx-1.4.2.jar"
      },
      {
        "signature": "sha256:138768f90c6e901743d581bb484a7b3ea03f98bf4c8592af17568e20bcfb06f0",
        "filename": "FantasticLib-1.12.2.047.jar"
      },
      {
        "signature": "sha256:fe16dc73b32420767cf6ef026e2ec29a1de8582494b8bd3739921f3967bd2f97",
        "filename": "ReachFix-1.12.2-1.0.6.jar"
      },
      {
        "signature": "sha256:6b2e8f040c05497173bb87c369a6f286684f864db3ece3ca82201df4c5d0bb83",
        "filename": "ChocoCraftPlus-1.12.2-4.5.8.jar"
      },
      {
        "signature": "sha256:98db4460c62316b8aca1f54c0879ee24a9c5b731027b4398e6b50a8799a0e217",
        "filename": "TinkersOreDictCache-1.0.jar"
      }
    ],
    "addedSignatures": [],
    "removedSignatures": [],
    "installedSignatures": [
      "sha256:b404308ac9518fb7ce762278ea2c3ae81ea42c7220e8c2373317da6c31dbb0e0",
      "sha256:0ba50d6ec19a5c81fe3d59e5c2cbb45efbe895dabe7a1a08e8d11ba90862b7d2",
      "sha256:ff78f5ac00574912d60022b4a4208cc00f9d4fccfa444efcea38cf1cbb76bcce",
      "sha256:722ac66d1d59c581d68abf797605a26a6610d47c9c626acbfcaeaad522cc1fcb",
      "sha256:939dac94a134d69b1f12122311dfa0c045721a3d325674b53e6e84e5c7c0e457",
      "sha256:15959e17268e105bae4d2686c448249dd36e19e5a870b3a6726001506e594125",
      "sha256:49ea3d2eebd4c8743f3f679c324dd41b919f13284574156c5b17e68451bc1ddc",
      "sha256:ea8ba7acdfaf7102cad7e3638bffa247bd5cfb634de4c355d47d33a8d2c724a1",
      "sha256:9e3e185b40a43308ac8eef08db35a2ce95f6df711c655188b342263342bc748f",
      "sha256:ff3c4e5c4736ed7e36e085969f8e42475ffa869e05d17892227960801dcd9bf4",
      "sha256:6380ad3f470c38337e545afec5418084e95bd7ec3cd75658f9da81e46a2288b1",
      "sha256:87483e867f7719ee85587343ef7b9748059f053f8dc9934cae80f348b8ab6c86",
      "sha256:21a402410869dad8d023e05f3a5488e7b34680ca11e8226560c572f6d06e53f1",
      "sha256:e07b0c48def9ce8cfaa4cf7a7c656bf7f7d6815f74fbcc2957dd43efa78486a9",
      "sha256:7663b57daf6ca0b36fbc8dd8ed06dc64447648237579b0c08910e15434ce36b2",
      "sha256:95b308516152c3baed15bf79468d2b6fe4ab315aa008e468335052d9965de564",
      "sha256:62f85e3bd9ec41a6afb81a0ce1798e439fb3d2e293b9e6d3fee72dd32d5cac48",
      "sha256:e684b9517e5e394af418e615c0484f4344a0c932b3ba404c511e98e60a297120",
      "sha256:a235c1385ced8266de7b0566a4a73e93d41410fdf90b86cb7422da7d7e3015ec",
      "sha256:eb2fbfda86d2c696ea50037bb5b8bc5377775877d27026187fee8f4919000107",
      "sha256:bd4f556b7e5480687dbc09735dca05a1ceb3622dc93422adb5dab4f68cc9f2d1",
      "sha256:a5f334d53fb051e0ef32e0e3793e70bc86161324f17d3d81d0b70dc31d4e0b90",
      "sha256:98db4460c62316b8aca1f54c0879ee24a9c5b731027b4398e6b50a8799a0e217",
      "sha256:9292ed03a9ecda60fc540d4df1dc7df282d0e446b173b6b0dee97f6bf24db6ec",
      "sha256:b9e3bcf556bfc42e1e1c8fcf4b06486a43ed1493a2cb06ab6993737b65591d7d",
      "sha256:c6d836b4d14223999afcd9df143076a5a709ff2009d6604382c346d1a258284b",
      "sha256:3b2c7647668d42d6a488d03c7cf77941662494ea24d6cc806f6a15053ccd4628",
      "sha256:be89ff855b55d10469779660089cbb13f1f438a9a934724ebffa49982f269414",
      "sha256:f44ffe25a0c835571da284a03a8fb0700ac54d6d303f894c0674f66ef86c5015",
      "sha256:707107f746ffc9d2bf35912953ae1ce780f7b7c4b7cf86b4821a1a151bcf9f6f",
      "sha256:a3cc25bd00e3d63724f667f569889001be461eb8f383c03b931104ec42833cd5",
      "sha256:028dec6bc1fcac3b56c8d2bffde07f6ee7f661259be937a703fb7df7031fd0f4",
      "sha256:58017f9e3aff1e7f3079cf17f502c62029a10b994fafbce444f4d8403051e4f0",
      "sha256:28016063a5bce9f229305692795b1e64702985abc026d480e45d9663a96ea80c",
      "sha256:a1dac96cf2168015255f4cad8748e8b969e99bd0919e9cb78deb9198ee9753e8",
      "sha256:43f0fe963867bd74a18ac3f04caaf65c75d197abaf703f96b8282af6b843f2f8",
      "sha256:1d4841af1f9988651f8174f0b1e90b5d8effa86f41490c987348f9e57527b01b",
      "sha256:b76950b93358a9273fab35d9a3e57d81257527a04a38dcb2c9cd1485c5fa987d",
      "sha256:e9ddecd4920ee9a57e11e4b43fb1dd395bbf37e276be726a99a2590272304124",
      "sha256:62183a1fa282032e2fea2c3ff6348611a03685a50769199243a42d38605d08a6",
      "sha256:db86c2c728c148ff20e4349fa18767853326ec78e6581afb0c38954fe2abf42a",
      "sha256:3b611b599c2de6de4fded0cc65abb77f40e90cc5f4801d04c0bcdbb1af06e0d0",
      "sha256:47a2428297213cb3f6b3b75fe1604b002e1f5e4412a2ce77c362bf598e15a877",
      "sha256:6b2e8f040c05497173bb87c369a6f286684f864db3ece3ca82201df4c5d0bb83",
      "sha256:702bbaa8186f4312ab90465fd1645be2d5fd55fee0dbb471909ed923b42b3585",
      "sha256:6da4ff366330253e2fb4f6849ae0c81e4ddc9f6bd5814460ad9ecb63e9f65119",
      "sha256:fe16dc73b32420767cf6ef026e2ec29a1de8582494b8bd3739921f3967bd2f97",
      "sha256:41eb672440a3fbbb058e1b83357abab0fbfa18af610a4f4edd0ee4c6a24e1fc4",
      "sha256:1904c32a8e0077e005bfefe005c26834c2df09881bc075a7deadce8da97fb457",
      "sha256:6130bd064d4aa1158308d699f370b5586447d026e2f559dfe14aa7df76cd6203",
      "sha256:70d71aea33f376990290da396627f0f7232f463337750c9fe01ea964d6508b44",
      "sha256:a8d563ca184eff4dd7491e5910accfe431c6a9d969cde5382a282bf29f63ba7f",
      "sha256:29d3a4115d67b83eb542b618eb64db40db23a7f009a0f4dc9a396101d6f8491f",
      "sha256:f7df4a095a08d74f553b6223d0059490cd2b9197b15e26721fbfbaf708e8290a",
      "sha256:0b2d1ad7e83bd302f760d99579fdfd915a56e804dc3497e03fedbc5c4cff19f2",
      "sha256:43f1d38e0e44305082e3f2a26e8de1abb8b9bb163e8c2c0045e590519624c30a",
      "sha256:84f34aa469b917eb531e097e5f173a252eef2dd7ab020ac5899baab5d27bfa7b",
      "sha256:a7d43ddfb8a1f31f61a062eaba07257f03653686362a3b17a8b6d3d71df0b48b",
      "sha256:563f40aad42d43612b799b5fdf89b00e379e6c64eeb8b01cb0c68c66635c6df5",
      "sha256:ffdd9b70aa74c39a22e4972f37f39fda1b4be668d502b986a13dbd094c53e622",
      "sha256:238416f801acda67b90fba9e0e572dbd6e7631b7e64c3eb3d6226f45ae536c87",
      "sha256:87e2702152d795efd8548b3a1ec9471469d7c705db1ec199a465807720ddcdcd",
      "sha256:d696ac6efd28368a3661131d06f0cf1cdbca1e8ac45f16e5ec2aa859e7d14911",
      "sha256:0b086aced1beca90ed5bb25fe6951a4d191d9b49f221af1074d1f9ff4f364b74",
      "sha256:72678ce8e483488da933d5a15cb9b490d95b75337b9b115e1220d1a234f0909a",
      "sha256:c8e0099dcda96d0d284db19be2998fac0a9dd71f84d90ea2b03b07fdf36eafa1",
      "sha256:a9ced2493bb42fbc1b2d60f3655dec896d3b003dd3bc467f06bbc116006a2d6a",
      "sha256:a1be899b1ac8a37cf5caf0f60f3ad223933b235665dbc2668b9446c10c2ad67b",
      "sha256:6ff7f96d076bfaad83fb6ba92ec457b8a76391439663b0cc32a9ec5398345280",
      "sha256:448e4ea316f9ca3ecd0697ec905edbad8045f728d5369762d3def5448999d071",
      "sha256:e6752973cf884f96fcd3835fe6c184b3b4180a27fd955ca07c561cf77e837dda",
      "sha256:9293907825d431db479afd87fcc70b5d09b672231c2f66db2f41e74de02e4891",
      "sha256:981789b0aafab9dd19be285314291d7d5ac2c2940a3a4d22ac70f824b4c4ea96",
      "sha256:29aa1b312d33b73a2923236cf15ec31c7e9c7c07c7e3ec2f2c996745fc6fe6a6",
      "sha256:217e734f1056cb00125c8b1f715fc256564e91bbbe3675a19ddc2889201674e8",
      "sha256:55708c8136085b7f2920b9d86613a3769b67f20d963600aeaab8e6ef6aa4068c",
      "sha256:e7b1457912936196bbaa143bc497a7482c494a411dff430c6aa79d2bc56464eb",
      "sha256:06d69798f30162350ef631146380d0c80ef9a5aa51228c8e6e19b3ee798c5f1a",
      "sha256:b152d4f236a441d851db9317f04656e8f76f45a2e60c3e5b1b27c4f0d2ce79d9",
      "sha256:4edda1cb9a1eb9240b7c9087dfc0347b0f75c29f7239299991b27324524b167f",
      "sha256:d7e91840085ebaec178689b53c3cda80afb66e2c97d38562d0265a10d4db24db",
      "sha256:5f8499f7ee2590e45110bbf296b2bf101aec15897e28d5e9759cf8f2387d8a74",
      "sha256:cefd1124b24f8346de78f3f3722ab5c97c2a78f1b7cf59f465988c786be3b022",
      "sha256:15fe438bb348946b5dade92b16044f24ffa050ccac56cc4c9d084b60573e3f92",
      "sha256:26dccd0e1f4305f5f544de7e7772a98bab5eb302922253cd65ef018ba8acc50f",
      "sha256:64c62f20a89939db2c03d47737c7bd371d8bd8c10ae42e2e8c63432ae89db2c7",
      "sha256:d6f4f9b19e73a829c3479c77ffa59fa046f2d478a667dcdcb7080401ca6cb1d7",
      "sha256:a1101ec8a6fa635670093b0fc511700c76650922a3f422d52902f556e6268c36",
      "sha256:eb8d062ca92128515b5bc6996ae416c49763f85b1d5f36fbd73cb67c3a2c048e",
      "sha256:1b95bbe8595982481105fe353068e03a8fbd31229daa1c7eb5af18a1521eb459",
      "sha256:47e671c2354358f3191dc80427cc203db8f5dffcc265e15561a77346b5010d00",
      "sha256:f10cd57075690ecbe52094f8af0d2a5af12f89c82b7c6eb73d3d090d74206ea0",
      "sha256:f1b0be3b482a2e36315f2c13198c64e305fe7cdace3babd5d54d9c6568b8f8a3",
      "sha256:526d4fb23d033a79c44276b68746ab3f653e960c7101a9d62f51a12940730b94",
      "sha256:a7c2c095a0a056f838e60b5e069ea703ae117d8a6558f61ca74d5bd5d5d73da3",
      "sha256:003421fa15bc84733343ad26f8bd9387bbd110df6c7ff860cae87ec11f85399d",
      "sha256:c3d3def7cb99ec077a1fec61dd17c9ba0d818febbeb948580e30ca71b4f7d0bc",
      "sha256:f0c699d83808fe952357b77b5396746cf55b7bdbe28a43800ba3a1f1091df41e",
      "sha256:2347fb49771d8889f37eb0704196b19cb9201ab426d48816695a31989707e2eb",
      "sha256:640beff327b6bdeee4c7e88fccc583e90a79aa0828d5c5cd17fcc6bc616872e4",
      "sha256:b2dc9252e831746b0630026d123df557e3923d962c27437773c7f568e3c611b8",
      "sha256:f8c46dfa9f1c11641d2f7400efa52c97be954e8e178d0ef346cc601c320b414f",
      "sha256:df2560b64e53287a39b5d0c0f953e43965df6e73bf23ff3025d303683da7c56c",
      "sha256:8fcceac75c71e0d041db734111200205d03431b7e8646f8209cf2c4de9afef7b",
      "sha256:6a021aa8bf091d82781deb3b4ecc272d6fd29d02962c2eb48a6c3a739332dde8",
      "sha256:0ff1b538040aaa128b66238cdf6cb2a3eb9a5dbc88170103eb48e86d8a567640",
      "sha256:e9a8d22825b0741025ba5912f4f100d85cfa24d1e4bece7b8a358e159598ba4c",
      "sha256:138768f90c6e901743d581bb484a7b3ea03f98bf4c8592af17568e20bcfb06f0",
      "sha256:ccfcad80ef73ab815875a91979128ed58c262c479c7c0e5da65b225954bee197",
      "sha256:3ce60a0e2c757937eab9cafb2baa9bc823e96a9d41f39f462bf276c224ae099f",
      "sha256:e0b90727cbe54a11fe568f3d60cd59d64ff3c14f82437e1d1c10b575886ab8a3",
      "sha256:f66add4cc170c116a76d81f303681c5b7cc110d1871350c58daf9262e1a7a0af",
      "sha256:3fef07b3124a16250645c9549b9b67e0a85dde29b5b27b16d33581b531f25fce",
      "sha256:4f56b07a6c73c2d097e50abeec0f7766f31b0be0a6b0643a13898db3763cc4fa",
      "sha256:4bbd37edecff0b420ab0eea166b5d7b4b41a9870bfb8647bf243140dc57f101e",
      "sha256:8a2f46a434065b1384434256dc9f95dba3837ac0291e197bfb422cf9cfbd4618",
      "sha256:0975ad3ef3b8b35fe43461feabe44d406b5521b0a2f3d1965c8d2f6a59ad2e65",
      "sha256:1f77457d3d03a06da533a0ad09af42df8e2f8df408678bee895eef6308ebad36",
      "sha256:5d7fdda78778b508014aaece4200b7d8ec9f23a0164cf15265f9bb8303726924",
      "sha256:b32010b2f2778aa1188585e7ead91ad46d4cb2c715f9c778a61848ba7fe51f8d",
      "sha256:4df85922e481622c074f9e09cbb6ecb8e5d1bced3920597e1a22c5819a22913e",
      "sha256:b9136aa6ac8e325208f3cda2186d872a77de65701e4f0128d6fdb29c05f498b7",
      "sha256:b0c939bbbada43ecbdd10f91deaa27556e552770b967a00459bdf43da0797820",
      "sha256:b06fa7563646ceb810cb0e49f4fd7930545ec7527c58be713460fade79eb99b5",
      "sha256:f527ba59d8ab56d936b7edcd9ef0f42232dac436864603a016b83bfbb53c2384",
      "sha256:27fa8dbfc7428168229a445dad82a4696ba52cf0a6e054833bff0f93931d8ceb",
      "sha256:9bd2527323564c66ac66e69c5b05384af24e9d9ce43d7d1f721094d2f4e392d8",
      "sha256:c2110db8b8abec23d9e2e9c4a89be010f6fe1150d52595397179c8804d942ee3",
      "sha256:5e79f329154d9a6225130f2b29dbcb0f603e2e622637e39ca566f8179b02ca15",
      "sha256:d8610a94da8f30815db4612b3291ecdcfd8204eaf1a4db8c5d0663c7b1191d91",
      "sha256:b00bc9de4e3e94cea0455f8d58b295c1464272135e842bdf3170c2c955c871a5",
      "sha256:8b1e74b636051754b92adda5bca74260769617c5498f5f815d774be7206c4f98",
      "sha256:84ac74ed254fcc2c7c9d1a9702d636a2c825a8825af7fe2db79f31bfe0cf8849",
      "sha256:7f2642cdc85c32ec754914e77f5bad11976c7c9c51d296e0ae4a8428d01153e8",
      "sha256:043afbddfd567e753a893f5a8f0e052db7c45209a08d09d9dcf32cadca764109",
      "sha256:cd3fbf85d7ca744507fd6a37a41b90122d43e616a4f8962332b1b658655e8a64",
      "sha256:0ab0cb80822dd58ed83393edff83ac0497e1f12cbf4ceb9dacd963e2a949d2cb",
      "sha256:99c0ca8bbe3e8fc9d80722774dee577dafbb499b54033fce76e7ae51c318e2e9",
      "sha256:2924427a8d7d981fdfd90af754ed8a3ca09584085c12844b73d60ad7ee3570be",
      "sha256:d2127504eecc09ab909071599b2c97191e4c02890dbb220c3231a456911e079c",
      "sha256:049b91d2dc2cf56448cbb51818531d2771f71fc633bbe3feef21aae4997bfcd3",
      "sha256:25718bd80799a608c45299d13d86e5d67248f07a3c00657c690948b1821835ce",
      "sha256:ff9e9e32d7d6fa3a5de100a64f9b05c8ba1eb17944934e8b3d3d82f10c13d7fd",
      "sha256:4c4b6ffbd7fbced37afefea3def1a08e44ed5e4c427c001afc870a8d1dbc9c43",
      "sha256:fbf81a96f87c609feb0d03933398fdf4bd8b24bc18119f4642e42b30580950fc",
      "sha256:311e1078919c264b7c0437fcb9e045844092edd88b6e091fa718addb73f1c945",
      "sha256:66a567a85dcb3f1e26b4dd6b0e3327d64992d88648e0272846a5b27073666fe7",
      "sha256:4b1c265d113ce8294243d4659d8ddc6c2a7357b509b13f0c12d4ee1485bc0921",
      "sha256:d3b01a9c77b6e573919947625acd9395168a8626d536942a751f51a40e676a89",
      "sha256:31571a6c01b9fd8daf481fa2f22615bbc99335c21f5e474a5607ea149bf2b9aa",
      "sha256:0224f37247fab841593170e5c8808bc99b5d8eccd59061c1fa5ebfeb1ffc3d9a",
      "sha256:ce28db33cfdca80c98dfbb2e5928a5f090477897fa6d28a37300d5564617fde2",
      "sha256:981fb876fc665c7fa228ae9673ddbbd2355bbf320b6a7ead53987d35ef145e9c",
      "sha256:67c5e8d8e975172d838f765040130ea0f73ec7a590b4470217a2f5516fdc652b",
      "sha256:5052f3e308b3ecb6620d26c5ab0cc15c0373732086337483a19fd4447e540ab0",
      "sha256:ecc38b7cd01215dee794382cb1d9291289d3fb594f361bd2db5135e31d019e9f",
      "sha256:0bb50f545b87f19087d9dbdb9930d6be2d66ee8c76d2a1982eef9e3d2bb43108",
      "sha256:def6e04f8ecb9b506447dc52ec0aa8e310c02463caaeb7f73955b612af59c252",
      "sha256:32fc4972d4198d5decb8d0b38c112915c29953ae172441a590bf51ce4a647188",
      "sha256:5efd826e2bc2bc854f271b5e0f5cfd04e17f23abb6fbcf2fb9d03acd36a0c172",
      "sha256:cc2de46f335a21bb3edd89e2b980e750eca201543179c20ceed431902f4f18d0",
      "sha256:0024f21e4c0a777949aabff6af6cf58632b531359fdebc296a3bb5a7ab4fe22c",
      "sha256:262eac740a5c264ca8effbae32e30d80c22bf9f18118d67701048f2829eeac55",
      "sha256:2b64a900a30d12c55c48f295097327eab5547fa3e7dccdce0f929ecdee25d038",
      "sha256:6e5df186b4e3e1a0e24f57bd98d6f9e67a16dfb9815b21fbf7ac977c8c3eb23d",
      "sha256:46b58f509e9023adda3ac087031ebd60acc9db8177125cd197a33099b8eea603",
      "sha256:ed7cd329571fa96aef64a9ce2c490139fbc0acb1548ac64cc5eefd32ce6fc063",
      "sha256:ffb745111790e27cb7810a2e03d5270265dee7ebd3ef98fde897c409d58b1e59",
      "sha256:ae202ce14141e695a90fbdb7b66f63facbac77c6a6b2d141f86d4c6d593f3d64",
      "sha256:597c21ab6f0d701ec2d7d9e6abdd9e4e3d949af1a9635ef018cef7df4c126e57",
      "sha256:524f1734869765f15185ced926bea0c46f133b0e22342bcb736b7a2da2f673f0",
      "sha256:c8a991c71748b87b91508281e4da57d5c101ef681747bb84bb33193251680055"
    ],
    "uninstalledSignatures": [],
    "workTime": 1489052.6,
    "language": "n/a",
    "locale": "es_ES",
    "timezone": "America/Regina",
    "branding": [
      "Minecraft 1.12.2",
      "MCP 9.42",
      "LoliASM 5.6",
      "Powered by Forge 14.23.5.2860",
      "188 mods loaded, 188 mods active"
    ],
    "runtime": {
      "mcp": "MCP 9.42",
      "fml": "8.0.99.99",
      "forge": "14.23.5.2860"
    },
    "minecraft": "Minecraft 1.12.2",
    "javaVersion": "Oracle Corporation 1.8.0_351",
    "side": "server",
    "obfuscated": true,
    "type": "analytics"
  }
]